O14639,S452-gl,0,
P68133,S201-gl,217,3j8k_I; 3j8i_G; 4pkh_D; 3j8j_I; 3cjb_A; 3b5u_K; 3j8k_G; 3j8j_D; 2yjf_A; 1p8z_A; 3cjc_A; 3j8k_B; 2v51_D; 1sqk_A; 4wyb_E; 1ijj_A; 4wyb_X; 1eqy_A; 2yjf_C; 3j8k_J; 1mdu_E; 4wyb_A; 4wyb_O; 3b5u_D; 2yjf_B; 2yje_A; 3j8i_H; 4wyb_G; 3b5u_J; 4wyb_M; 3j8j_C; 2vyp_B; 3j8i_D; 4pkh_A; 3ffk_B; 3j8i_E; 3j8j_A; 2pbd_A; 4wyb_K; 4eah_G; 3j8k_C; 4z94_A; 2yjf_D; 3b5u_A; 4eah_F; 4eah_H; 3j8j_B; 3b5u_L; 3j8k_H; 2yje_C; 1mdu_B; 3j8k_E; 3b5u_C; 4pkh_I; 3j8k_D; 3j8j_E; 3j8k_A; 3b5u_H; 3ffk_E; 4wyb_U; 2vyp_A; 4wyb_Q; 2yje_B; 3b5u_M; 4eah_D; 4wyb_C; 1rgi_A; 3j8j_G; 1ijj_B; 2yjf_E; 3b5u_I; 4wyb_S; 4pki_A; 3j8i_F; 2v52_B; 4pkg_A; 3b5u_G; 4pkh_F; 1esv_A; 3j8j_F; 3j8k_F; 2v51_B; 3b5u_B; 3tu5_A; 4wyb_I; 3b5u_N; 3j8j_K; 3b5u_E; 3j8j_H; 3j8j_J; 3b5u_F; 3daw_A; 4B1U; 1O1G; 1S22; 2Q97; 2PAV; 2V52; 4V0U; 4B1Z; 2ASM; 2ASP; 1M8Q; 1EQY; 3JBI; 1ATN; 4PKI; 2GWK; 3J8I; 2W49; 1MA9; 1O1F; 2ASO; 3M6G; 4H0V; 3B5U; 4H0Y; 2A40; 1J6Z; 1IJJ; 4H0X; 3CJB; 1RFQ; 2V51; 4A7N; 1O19; 4A7F; 2FXU; 1RGI; 2D1K; 2W4U; 4B1W; 4PL8; 2HMP; 4B1V; 1MVW; 3M1F; 3UE5; 4PKH; 3G37; 1O18; 1YXQ; 1Y64; 1KXP; 4H03; 1P8Z; 3DAW; 1MDU; 3MN5; 1SQK; 2A42; 1LCU; 1O1C; 1O1D; 4H0T; 4B1Y; 4EAH; 2FF6; 4GY2; 3JBK; 2GWJ; 3BUZ; 3U9D; 1H1V; 3U8X; 1ESV; 2A41; 2Q0U; 1O1B; 3FFK; 2A5X; 3MFP; 2A3Z; 1QZ6; 3J4K; 1LOT; 2Q1N; 1UY5; 4PKG; 4K43; 1WUA; 2Q36; 2Q31; 4A7L; 3U9Z; 1O1E; 3J8J; 1O1A; 1ALM; 3SJH; 1RDW; 2Q0R; 3M3N; 1T44; 2YJF; 4A7H; 3HBT; 3J8A; 2PBD; 4K42; 2YJE; 3JBJ; 2VYP; 2Y83; 1NWK; 2ZWH; 4B1X; 3TU5; 4Z94; 3CJC; 3J8K; 1QZ5; 2FF3; 4K41; 4WYB; 2VCP; 3TPQ
Q13443,S758-gl,1,1M1V
Q13443,T761-gl,1,1M1V
Q13443,T777-gl,1,1M1V
Q09666,S5603-gl,3,4HRG; 4DRW; 4FTG
P31749,S126-gl,21,3QKM; 4GV1; 1UNQ; 3OCB; 3MVH; 3CQU; 3MV5; 3QKK; 2UVM; 1UNR; 3QKL; 2UZR; 2UZS; 3OW4; 4EJN; 1H10; 3CQW; 4EKK; 3O96; 1UNP; 4EKL
P31749,S129-gl,21,3QKM; 4GV1; 1UNQ; 3OCB; 3MVH; 3CQU; 3MV5; 3QKK; 2UVM; 1UNR; 3QKL; 2UZR; 2UZS; 3OW4; 4EJN; 1H10; 3CQW; 4EKK; 3O96; 1UNP; 4EKL
P31749,T305-gl,21,3QKM; 4GV1; 1UNQ; 3OCB; 3MVH; 3CQU; 3MV5; 3QKK; 2UVM; 1UNR; 3QKL; 2UZR; 2UZS; 3OW4; 4EJN; 1H10; 3CQW; 4EKK; 3O96; 1UNP; 4EKL
P31749,T308-gl,21,3QKM; 4GV1; 1UNQ; 3OCB; 3MVH; 3CQU; 3MV5; 3QKK; 2UVM; 1UNR; 3QKL; 2UZR; 2UZS; 3OW4; 4EJN; 1H10; 3CQW; 4EKK; 3O96; 1UNP; 4EKL
P31749,T312-gl,21,3QKM; 4GV1; 1UNQ; 3OCB; 3MVH; 3CQU; 3MV5; 3QKK; 2UVM; 1UNR; 3QKL; 2UZR; 2UZS; 3OW4; 4EJN; 1H10; 3CQW; 4EKK; 3O96; 1UNP; 4EKL
P31749,S473-gl,21,3QKM; 4GV1; 1UNQ; 3OCB; 3MVH; 3CQU; 3MV5; 3QKK; 2UVM; 1UNR; 3QKL; 2UZR; 2UZS; 3OW4; 4EJN; 1H10; 3CQW; 4EKK; 3O96; 1UNP; 4EKL
Q13950,S32-gl,0,
Q13950,S33-gl,0,
Q13950,S371-gl,0,
P16157,S288-gl,8,3KBU; 3KBT; 2YVI; 3UD2; 3F59; 2YQF; 1N11; 3UD1
P16157,S794-gl,8,3KBU; 3KBT; 2YVI; 3UD2; 3F59; 2YQF; 1N11; 3UD1
P16157,S960-gl,8,3KBU; 3KBT; 2YVI; 3UD2; 3F59; 2YQF; 1N11; 3UD1
P16157,S1162-gl,8,3KBU; 3KBT; 2YVI; 3UD2; 3F59; 2YQF; 1N11; 3UD1
Q12955,T1624-gl,1,4O6X
Q12955,S1625-gl,1,4O6X
Q12955,T1628-gl,1,4O6X
Q12955,T1629-gl,1,4O6X
Q12955,S1632-gl,1,4O6X
P29972,S236-gl,7,1h6i_A; 1fqy_A; 1ih5_A; 1IH5; 1H6I; 4CSK; 1FQY
Q8WWM7,S678-gl,0,
Q8WWM7,S684-gl,0,
P18846,S189-gl,0,
Q6W2J9,S365-gl,2,3BIM; 4HPL
O60885,S1215-gl,115,4HXK; 4NUE; 3UVW; 4O7E; 4XYA; 4UIX; 4HXL; 4PS5; 4Z1Q; 2OSS; 3U5L; 4F3I; 4NQM; 4LYI; 3ZYU; 4J3I; 4O77; 4A9L; 4HBV; 4C67; 4KV4; 5BT4; 4HXO; 4UYD; 4CFL; 4UIY; 4GPJ; 2YEL; 4QB3; 4BW4; 4QR5; 3U5K; 4HXP; 4MEN; 4HBY; 4O74; 4CL9; 4LR6; 4X2I; 4E96; 4MEO; 4O78; 4HBX; 4NR8; 4MEP; 2NNU; 4O72; 2I8N; 5A5S; 4LZS; 4HXM; 4MEQ; 4ZC9; 4CFK; 2LSP; 4DON; 4O76; 4J0S; 4O70; 4PCI; 4MR4; 4IOR; 4J0R; 4O71; 3SVG; 4CLB; 4LZR; 4UIZ; 4LRG; 4O75; 4WIV; 4MR3; 3UVY; 4OGI; 4PCE; 4HXR; 2MJV; 3UVX; 4O7C; 3UW9; 4BW3; 4Z1S; 4QR4; 4KV1; 4BW1; 3P5O; 4LYS; 4HXN; 4QZS; 4OGJ; 4NUD; 4XY9; 4BW2; 4HBW; 5FBX; 3MXF; 4QR3; 4BJX; 4O7B; 3U5J; 4O7A; 4WHW; 4HXS; 4IOO; 4O7F; 5ACY; 2YEM; 4LYW; 3SVF; 5A85; 2OUO; 4IOQ; 4NUC; 4Z93; 4C66
Q9UPA5,T2313-gl,0,
Q9UPA5,T2314-gl,0,
Q9UPA5,T2315-gl,0,
Q9UPA5,T2932-gl,0,
P00915,S130-gl,44,3w6i_A; 1czm_A; 2fw4_B; 3w6i_E; 2foy_B; 2foy_A; 3w6h_A; 3lxe_A; 1hcb_A; 2nmx_A; 1huh_A; 2nn1_A; 2nn7_B; 2fw4_A; 1hug_A; 3w6h_B; 1bzm_A; 2nn1_B; 3lxe_B; 1azm_A; 2nmx_B; 2nn7_A; 1CRM; 2FW4; 3W6H; 1JV0; 1HUG; 1HUH; 4WR7; 3W6I; 3LXE; 1J9W; 1CZM; 2NN1; 1BZM; 1HCB; 2NMX; 4WUQ; 1AZM; 2NN7; 4WUP; 2CAB; 2IT4; 2FOY
P00915,S218-gl,44,3w6i_A; 1czm_A; 2fw4_B; 3w6i_E; 2foy_B; 2foy_A; 3w6h_A; 3lxe_A; 1hcb_A; 2nmx_A; 1huh_A; 2nn1_A; 2nn7_B; 2fw4_A; 1hug_A; 3w6h_B; 1bzm_A; 2nn1_B; 3lxe_B; 1azm_A; 2nmx_B; 2nn7_A; 1CRM; 2FW4; 3W6H; 1JV0; 1HUG; 1HUH; 4WR7; 3W6I; 3LXE; 1J9W; 1CZM; 2NN1; 1BZM; 1HCB; 2NMX; 4WUQ; 1AZM; 2NN7; 4WUP; 2CAB; 2IT4; 2FOY
Q16790,T115-gl,5,5FL5; 3IAI; 2HKF; 5FL6; 5FL4
Q16566,T57-gl,1,2W4O
Q16566,S58-gl,1,2W4O
Q16566,S137-gl,1,2W4O
Q16566,S189-gl,1,2W4O
Q16566,S344-gl,1,2W4O
Q16566,S345-gl,1,2W4O
Q16566,S356-gl,1,2W4O
Q96KX2,T2-gl,0,
P04040,S114-gl,14,1qqw_C; 1qqw_D; 1qqw_A; 1f4j_C; 1f4j_D; 1qqw_B; 1f4j_A; 1f4j_B; 1QQW; 1DGH; 1DGG; 1DGB; 1F4J; 1DGF
P04040,S254-gl,14,1qqw_C; 1qqw_D; 1qqw_A; 1f4j_C; 1f4j_D; 1qqw_B; 1f4j_A; 1f4j_B; 1QQW; 1DGH; 1DGG; 1DGB; 1F4J; 1DGF
Q8TCZ2,S40-gl,0,
Q8TCZ2,S41-gl,0,
Q8TCZ2,T99-gl,0,
Q8TCZ2,T100-gl,0,
Q8TCZ2,T101-gl,0,
Q8TCZ2,T102-gl,0,
Q8TCZ2,T107-gl,0,
Q8TCZ2,T108-gl,0,
Q9NYV4,T592-gl,3,4CXA; 4UN0; 4NST
Q9NYV4,S597-gl,3,4CXA; 4UN0; 4NST
Q9NXV6,T323-gl,0,
Q9NXV6,S349-gl,0,
Q9NXV6,T379-gl,0,
O95832,T191-gl,0,
O95832,S192-gl,0,
O95832,S205-gl,0,
O95832,S206-gl,0,
O00151,T94-gl,2,1X62; 2PKT
P02489,S162-gl,0,
P02511,T170-gl,66,2ygd_V; 2ygd_E; 3j07_J; 3j07_G; 3j07_X; 3j07_E; 2ygd_R; 3j07_S; 3j07_W; 2ygd_S; 2ygd_U; 2klr_A; 3j07_O; 2ygd_T; 3j07_K; 2ygd_P; 3j07_D; 3j07_L; 3j07_F; 3j07_M; 2ygd_L; 2ygd_I; 2ygd_O; 3j07_I; 3j07_T; 2ygd_A; 2ygd_J; 2ygd_C; 3j07_Q; 2ygd_G; 2ygd_W; 3j07_U; 3j07_A; 3j07_N; 3j07_C; 3j07_H; 3j07_B; 3j07_V; 2ygd_H; 2ygd_D; 2ygd_Q; 2ygd_B; 3j07_P; 2ygd_M; 3j07_R; 2ygd_K; 2klr_B; 2ygd_F; 2ygd_N; 2ygd_X; 3L1G; 2WJ7; 2Y1Y; 3SGS; 2Y22; 2N0K; 2Y1Z; 4M5S; 2YGD; 4M5T; 2KLR; 3SGN; 3SGP; 3SGM; 3SGO; 3SGR
P14923,T14-gl,1,3IFQ
Q9H467,S254-gl,0,
Q9H467,T255-gl,0,
Q6MZP7,S238-gl,0,
P33316,T124-gl,23,3ehw_Y; 3ehw_C; 3ara_C; 3ara_B; 3arn_C; 2hqu_C; 3ehw_A; 3ara_A; 3ehw_Z; 2hqu_A; 3ehw_X; 3ehw_B; 3arn_B; 3arn_A; 2hqu_B; 4MZ5; 1Q5U; 3ARA; 2HQU; 4MZ6; 1Q5H; 3ARN; 3EHW
P33316,T127-gl,23,3ehw_Y; 3ehw_C; 3ara_C; 3ara_B; 3arn_C; 2hqu_C; 3ehw_A; 3ara_A; 3ehw_Z; 2hqu_A; 3ehw_X; 3ehw_B; 3arn_B; 3arn_A; 2hqu_B; 4MZ5; 1Q5U; 3ARA; 2HQU; 4MZ6; 1Q5H; 3ARN; 3EHW
Q15125,T2-gl,0,
Q15125,T3-gl,0,
P18146,S120-gl,4,4R2C; 4R2D; 4X9J; 4R2A
Q04637,S61-gl,5,4F02; 2W97; 4AZA; 1LJ2; 1UG3
P50402,S53-gl,3,2ODG; 2ODC; 1JEI
P50402,S54-gl,3,2ODG; 2ODC; 1JEI
P50402,S87-gl,3,2ODG; 2ODC; 1JEI
P50402,S171-gl,3,2ODG; 2ODC; 1JEI
P50402,S173-gl,3,2ODG; 2ODC; 1JEI
Q7Z589,S228-gl,3,1UTU; 2FMM; 1UZ3
Q7Z589,S236-gl,3,1UTU; 2FMM; 1UZ3
Q7Z589,T271-gl,3,1UTU; 2FMM; 1UZ3
Q7Z589,T501-gl,3,1UTU; 2FMM; 1UZ3
Q7Z589,T506-gl,3,1UTU; 2FMM; 1UZ3
Q7Z589,T534-gl,3,1UTU; 2FMM; 1UZ3
Q7Z589,T535-gl,3,1UTU; 2FMM; 1UZ3
Q7Z589,S557-gl,3,1UTU; 2FMM; 1UZ3
Q7Z589,T1120-gl,3,1UTU; 2FMM; 1UZ3
P29474,S1177-gl,12,3EAH; 3NOS; 1NIW; 4D1O; 1M9R; 1M9M; 1M9K; 1M9J; 4D1P; 2LL7; 1M9Q; 2MG5
O43768,T93-gl,0,
O43768,T99-gl,0,
P16452,S82-gl,0,
P11171,S491-gl,3,3QIJ; 1GG3; 2RQ1
Q15910,S76-gl,3,2C6V; 4MI5; 4MI0
Q12830,S1749-gl,10,2RI7; 2F6J; 2FSA; 2FUI; 3QZT; 3QZV; 3UV2; 2FUU; 2F6N; 3QZS
Q12830,T1753-gl,10,2RI7; 2F6J; 2FSA; 2FUI; 3QZT; 3QZV; 3UV2; 2FUU; 2F6N; 3QZS
Q12830,S2081-gl,10,2RI7; 2F6J; 2FSA; 2FUI; 3QZT; 3QZV; 3UV2; 2FUU; 2F6N; 3QZS
Q12830,T2094-gl,10,2RI7; 2F6J; 2FSA; 2FUI; 3QZT; 3QZV; 3UV2; 2FUU; 2F6N; 3QZS
Q12830,T2103-gl,10,2RI7; 2F6J; 2FSA; 2FUI; 3QZT; 3QZV; 3UV2; 2FUU; 2F6N; 3QZS
Q6UN15,T253-gl,0,
Q6UN15,T275-gl,0,
Q6UN15,S276-gl,0,
Q8N3X1,S797-gl,0,
Q12778,T317-gl,4,3COA; 3CO6; 4LG0; 3CO7
Q12778,S318-gl,4,3COA; 3CO6; 4LG0; 3CO7
Q12778,S550-gl,4,3COA; 3CO6; 4LG0; 3CO7
Q12778,T648-gl,4,3COA; 3CO6; 4LG0; 3CO7
Q12778,S654-gl,4,3COA; 3CO6; 4LG0; 3CO7
Q8WXI9,S584-gl,0,
Q8WXI9,S586-gl,0,
P11166,S465-gl,2,1SUK; 4PYP
Q9UKD1,T404-gl,0,
P49685,S359-gl,0,
Q12849,S100-gl,3,4QU7; 2LMI; 4QU6
Q12849,S105-gl,3,4QU7; 2LMI; 4QU6
Q12849,T114-gl,3,4QU7; 2LMI; 4QU6
P78417,S13-gl,5,1eem_A; 4IS0; 1EEM; 3VLN; 3LFL
P02724,T36-gl,6,5EH6; 1MSR; 2KPE; 2KPF; 5EH4; 1AFO
P02724,S38-gl,6,5EH6; 1MSR; 2KPE; 2KPF; 5EH4; 1AFO
P33778,S112-gl,4,3x1s_D; 3x1s_H; 3X1U; 3X1S
P69905,S4-gl,618,5ee4_E; 1gzx_A; 1y4f_C; 1a9w_A; 1y5j_A; 1ygf_A; 1yeq_A; 1yg5_C; 1lfy_A; 1hgc_A; 1uiw_G; 1k1k_A; 1bij_C; 6hbw_A; 4mqj_E; 1dke_A; 1j41_C; 3szk_D; 1ye2_C; 2yrs_M; 1y35_C; 1ye0_A; 3qje_C; 3whm_A; 1j3z_G; 3d7o_A; 1si4_C; 4x0i_A; 1cmy_C; 4mqg_A; 2w6v_C; 1hbb_A; 1ye1_A; 4n7p_E; 3hhb_C; 1y0w_C; 2dxm_A; 4fc3_A; 4n7n_C; 1y4v_C; 2yrs_I; 1jy7_W; 1ye0_C; 5e29_C; 2d60_C; 1kd2_C; 2hbs_E; 1j40_C; 1qsh_C; 1bbb_C; 3b75_C; 1uiw_A; 3wcp_C; 5ee4_C; 2hhb_A; 1lfv_A; 1qsi_A; 3qje_A; 1nih_A; 1y83_A; 3s48_C; 1nqp_A; 1y46_A; 1nej_C; 1lft_A; 1b86_C; 1sdk_A; 1hbb_C; 1yeo_C; 1y35_A; 1y7d_A; 1cmy_A; 3b75_A; 2yrs_C; 1y4g_C; 3hhb_A; 4n7n_G; 2hbs_A; 1a0z_A; 3hxn_C; 1jy7_R; 1dxv_A; 1y22_C; 1k0y_A; 1yeq_C; 3b75_G; 1rq3_C; 4n7n_I; 5e6e_A; 1k0y_C; 1yeu_A; 1jy7_C; 1hbs_C; 4n7o_K; 1y5f_A; 1y2z_C; 1fdh_B; 1coh_A; 4mqk_G; 1yie_A; 1mko_A; 1y5j_C; 1y7z_C; 4wjg_U; 1kd2_A; 1lfl_P; 1qxe_C; 1hba_C; 1bbb_A; 1hac_A; 1yhr_A; 4x0l_A; 1ye1_C; 3kmf_E; 1yen_A; 1y45_C; 3oo5_A; 1ye2_A; 1a3n_C; 4ni0_A; 4rom_C; 3d17_C; 1lfz_A; 1j3y_E; 1thb_C; 1j3y_C; 1y4b_A; 1m9p_C; 3r5i_A; 1g9v_A; 1j40_A; 1xz2_A; 3ic2_A; 4mqk_E; 1xxt_C; 2dn1_A; 1hac_C; 3kmf_A; 1y0t_C; 1y4r_C; 1dke_C; 1cls_A; 3d17_A; 4n7p_I; 1lfl_A; 1gbv_A; 1y5k_C; 1sdl_A; 4m4a_A; 1a0u_C; 1j3z_A; 3ovu_C; 1qsh_A; 2m6z_A; 1lfq_A; 1y5f_C; 1yen_C; 3onz_A; 4n7o_I; 1y4q_C; 1nqp_C; 1yg5_A; 5e29_A; 1xxt_A; 1j3y_G; 6hbw_C; 1shr_A; 1qsi_C; 1qxe_A; 3s65_A; 1bz0_C; 1j3z_E; 1nej_A; 1yih_A; 2w6v_A; 1yh9_A; 2h35_C; 3szk_A; 4n7o_E; 1fdh_A; 1bz0_A; 4n7p_C; 1yff_A; 3whm_E; 1ygd_C; 1dxv_C; 3hxn_A; 1g9v_C; 2hbs_G; 1y31_A; 1y4f_A; 2hco_A; 1gzx_C; 1dxu_A; 4l7y_A; 1y4q_A; 1j41_A; 3b75_S; 2h35_A; 3b75_E; 2m6z_C; 1y4b_C; 3r5i_C; 2d5z_C; 1nih_C; 1j41_G; 4mqk_C; 2dn2_A; 3odq_A; 3s48_D; 1bij_A; 2d5z_A; 2hbs_C; 1yie_C; 1hdb_A; 1a00_A; 1b86_A; 1y0t_A; 1hbs_G; 4wjg_F; 1rq4_A; 4mqj_A; 1yff_E; 4hhb_A; 2hhd_C; 1hgc_C; 1hbs_A; 1ygd_A; 3s66_A; 2hhe_C; 2dn2_C; 1rq3_A; 1y45_A; 1a01_A; 1m9p_A; 1yvt_A; 3wcp_A; 1qxd_A; 1hga_C; 4n7p_K; 4m4b_A; 1hgb_A; 1buw_C; 1yeu_C; 1hco_A; 1uiw_E; 4wjg_K; 4ij2_C; 1yvq_A; 1hab_A; 1hbs_E; 1yev_A; 3ic0_A; 2hbd_A; 4xs0_A; 1j41_E; 1dxt_C; 4rol_C; 1y85_C; 1y0w_A; 1y85_A; 1y7g_A; 1y7c_C; 1sdk_C; 4n7o_A; 4rom_A; 2d60_A; 2hbf_A; 1jy7_U; 3ic2_C; 1yeo_A; 1lfl_R; 1y31_C; 1yih_C; 3dut_A; 4rol_A; 1thb_A; 2hbc_A; 4mqk_A; 2hhb_C; 1gbu_A; 1hab_C; 4n7n_E; 1hba_A; 1yvq_C; 1yff_C; 1y5k_A; 1j3y_A; 1si4_A; 1ygf_C; 1y7g_C; 1y22_A; 4n7o_C; 3p5q_A; 3s65_C; 1coh_C; 4wjg_A; 4ij2_A; 1jy7_P; 1buw_A; 1gbu_C; 1y4g_A; 2dxm_C; 1dxt_A; 1yhr_C; 2hbe_A; 1y46_C; 3ic0_C; 4mqj_C; 4wjg_Z; 4mqj_G; 1a0u_A; 1hho_A; 1y4p_A; 1rps_C; 2dn3_A; 1j3z_C; 1a3n_A; 2yrs_A; 3qjc_A; 1y7z_A; 4n7p_G; 1a9w_C; 3odq_C; 1y4p_C; 1uiw_C; 1a0z_C; 4l7y_C; 1fn3_A; 1rqa_A; 1yhe_A; 1rps_A; 1yev_C; 4n8t_A; 1cls_C; 1hdb_C; 1y4r_A; 1a00_C; 1qxd_C; 1lfl_C; 3nl7_A; 1xz2_C; 4n7o_G; 1yh9_C; 4wjg_P; 4n7n_A; 1rqa_C; 1rq4_C; 1ird_A; 1j40_G; 1j40_E; 1y4v_A; 2hhe_A; 1y2z_A; 2hhd_A; 1dxu_C; 1gbv_C; 1a01_C; 4n7p_A; 1yhe_C; 4n7n_K; 4hhb_C; 1y83_C; 1yzi_A; 1shr_C; 3dut_C; 3oo4_A; 1y7c_A; 1hga_A; 1jy7_A; 1ljw_A; 1yff_G; 4ni1_A; 1y7d_C; 1mko_C; 1fn3_C; 1sdl_C; 1hgb_C; 1bz1_A; 1z8u_D; 1y01_B; 1z8u_B; 1bz1_C; 4FC3; 1GBV; 1BZZ; 3S65; 1Y31; 3IC0; 1O1K; 1BUW; 2D5Z; 1C7B; 4WJG; 5E6E; 4X0L; 1K0Y; 4MQG; 1LFL; 1B86; 1XZ5; 1A0U; 1AJ9; 1A00; 4ROM; 1RVW; 1O1O; 2HBE; 3D17; 3B75; 4ROL; 1QSH; 1UIW; 4M4A; 1XYE; 1M9P; 1O1P; 1YEO; 1O1N; 1Y4R; 1Y0A; 3QJB; 1Y4F; 1A01; 2YRS; 1GBU; 4N8T; 1Y5K; 3HHB; 1Y0W; 1LFQ; 1XZ7; 6HBW; 2W6V; 1HAB; 3QJD; 3KMF; 1J40; 1GLI; 1IRD; 4IJ2; 1ABW; 1J3Z; 1Y22; 3ODQ; 5EE4; 1GZX; 1HAC; 1RPS; 1RQ4; 1Y5J; 2HBD; 3OVU; 1YHR; 1YE0; 1YEU; 1Y85; 1J3Y; 1SI4; 1YVQ; 1Y7G; 1COH; 1Y0C; 1SDK; 1XZU; 1HBA; 4MQK; 3SZK; 1HDB; 2DN1; 2DN3; 1DXV; 1R1Y; 1J7S; 2DXM; 3S48; 4HHB; 1A3N; 1R1X; 1SDL; 4N7O; 1KD2; 1Y7D; 4N7P; 1DXU; 1Y4Q; 1NQP; 1YG5; 1CMY; 1HGA; 1HHO; 4MQH; 1YGD; 1YZI; 1HBB; 1DKE; 1JY7; 1Y8W; 1O1L; 1XY0; 5E29; 1J7Y; 1BBB; 1YFF; 1RQ3; 3S66; 1YH9; 1BZ0; 1FDH; 4NI1; 3IA3; 4MQJ; 1YEV; 3QJE; 1VWT; 1K1K; 1J7W; 1Y09; 3P5Q; 1LJW; 1HBS; 1Y4V; 2HHD; 1XZ2; 1YDZ; 3OO5; 1HGB; 1HCO; 1SHR; 1Z8U; 1Y01; 3ONZ; 2HHB; 1Y46; 1Y83; 1A3O; 1THB; 3WCP; 3R5I; 4N7N; 4X0I; 1Y0D; 1Y35; 4NI0; 1ABY; 1MKO; 1XZV; 1FN3; 1LFV; 3QJC; 1G9V; 2M6Z; 3OO4; 1YIH; 1LFT; 1YVT; 1DXT; 1C7C; 1A0Z; 1O1M; 1BIJ; 2HBS; 1Y4B; 1CLS; 4XS0; 2HHE; 1YE1; 4M4B; 1BZ1; 1A9W; 1O1I; 1Y5F; 1QXE; 3HXN; 2HBF; 4MQI; 1QSI; 2D60; 1BAB; 1YGF; 1QI8; 1Y45; 1YEQ; 1QXD; 2HBC; 1Y0T; 1Y4P; 1XZ4; 1J41; 1O1J; 4L7Y; 3WHM; 3DUT; 2W72; 1Y2Z; 1RQA; 1C7D; 2HCO; 3D7O; 2DN2; 1NIH; 1NEJ; 1LFY; 2H35; 1Y4G; 3NMM; 1YHE; 1YIE; 1XXT; 1YEN; 1YE2; 3NL7; 1Y7C; 1HGC; 4MQC; 1LFZ; 1Y7Z; 3IC2
P69905,S36-gl,618,5ee4_E; 1gzx_A; 1y4f_C; 1a9w_A; 1y5j_A; 1ygf_A; 1yeq_A; 1yg5_C; 1lfy_A; 1hgc_A; 1uiw_G; 1k1k_A; 1bij_C; 6hbw_A; 4mqj_E; 1dke_A; 1j41_C; 3szk_D; 1ye2_C; 2yrs_M; 1y35_C; 1ye0_A; 3qje_C; 3whm_A; 1j3z_G; 3d7o_A; 1si4_C; 4x0i_A; 1cmy_C; 4mqg_A; 2w6v_C; 1hbb_A; 1ye1_A; 4n7p_E; 3hhb_C; 1y0w_C; 2dxm_A; 4fc3_A; 4n7n_C; 1y4v_C; 2yrs_I; 1jy7_W; 1ye0_C; 5e29_C; 2d60_C; 1kd2_C; 2hbs_E; 1j40_C; 1qsh_C; 1bbb_C; 3b75_C; 1uiw_A; 3wcp_C; 5ee4_C; 2hhb_A; 1lfv_A; 1qsi_A; 3qje_A; 1nih_A; 1y83_A; 3s48_C; 1nqp_A; 1y46_A; 1nej_C; 1lft_A; 1b86_C; 1sdk_A; 1hbb_C; 1yeo_C; 1y35_A; 1y7d_A; 1cmy_A; 3b75_A; 2yrs_C; 1y4g_C; 3hhb_A; 4n7n_G; 2hbs_A; 1a0z_A; 3hxn_C; 1jy7_R; 1dxv_A; 1y22_C; 1k0y_A; 1yeq_C; 3b75_G; 1rq3_C; 4n7n_I; 5e6e_A; 1k0y_C; 1yeu_A; 1jy7_C; 1hbs_C; 4n7o_K; 1y5f_A; 1y2z_C; 1fdh_B; 1coh_A; 4mqk_G; 1yie_A; 1mko_A; 1y5j_C; 1y7z_C; 4wjg_U; 1kd2_A; 1lfl_P; 1qxe_C; 1hba_C; 1bbb_A; 1hac_A; 1yhr_A; 4x0l_A; 1ye1_C; 3kmf_E; 1yen_A; 1y45_C; 3oo5_A; 1ye2_A; 1a3n_C; 4ni0_A; 4rom_C; 3d17_C; 1lfz_A; 1j3y_E; 1thb_C; 1j3y_C; 1y4b_A; 1m9p_C; 3r5i_A; 1g9v_A; 1j40_A; 1xz2_A; 3ic2_A; 4mqk_E; 1xxt_C; 2dn1_A; 1hac_C; 3kmf_A; 1y0t_C; 1y4r_C; 1dke_C; 1cls_A; 3d17_A; 4n7p_I; 1lfl_A; 1gbv_A; 1y5k_C; 1sdl_A; 4m4a_A; 1a0u_C; 1j3z_A; 3ovu_C; 1qsh_A; 2m6z_A; 1lfq_A; 1y5f_C; 1yen_C; 3onz_A; 4n7o_I; 1y4q_C; 1nqp_C; 1yg5_A; 5e29_A; 1xxt_A; 1j3y_G; 6hbw_C; 1shr_A; 1qsi_C; 1qxe_A; 3s65_A; 1bz0_C; 1j3z_E; 1nej_A; 1yih_A; 2w6v_A; 1yh9_A; 2h35_C; 3szk_A; 4n7o_E; 1fdh_A; 1bz0_A; 4n7p_C; 1yff_A; 3whm_E; 1ygd_C; 1dxv_C; 3hxn_A; 1g9v_C; 2hbs_G; 1y31_A; 1y4f_A; 2hco_A; 1gzx_C; 1dxu_A; 4l7y_A; 1y4q_A; 1j41_A; 3b75_S; 2h35_A; 3b75_E; 2m6z_C; 1y4b_C; 3r5i_C; 2d5z_C; 1nih_C; 1j41_G; 4mqk_C; 2dn2_A; 3odq_A; 3s48_D; 1bij_A; 2d5z_A; 2hbs_C; 1yie_C; 1hdb_A; 1a00_A; 1b86_A; 1y0t_A; 1hbs_G; 4wjg_F; 1rq4_A; 4mqj_A; 1yff_E; 4hhb_A; 2hhd_C; 1hgc_C; 1hbs_A; 1ygd_A; 3s66_A; 2hhe_C; 2dn2_C; 1rq3_A; 1y45_A; 1a01_A; 1m9p_A; 1yvt_A; 3wcp_A; 1qxd_A; 1hga_C; 4n7p_K; 4m4b_A; 1hgb_A; 1buw_C; 1yeu_C; 1hco_A; 1uiw_E; 4wjg_K; 4ij2_C; 1yvq_A; 1hab_A; 1hbs_E; 1yev_A; 3ic0_A; 2hbd_A; 4xs0_A; 1j41_E; 1dxt_C; 4rol_C; 1y85_C; 1y0w_A; 1y85_A; 1y7g_A; 1y7c_C; 1sdk_C; 4n7o_A; 4rom_A; 2d60_A; 2hbf_A; 1jy7_U; 3ic2_C; 1yeo_A; 1lfl_R; 1y31_C; 1yih_C; 3dut_A; 4rol_A; 1thb_A; 2hbc_A; 4mqk_A; 2hhb_C; 1gbu_A; 1hab_C; 4n7n_E; 1hba_A; 1yvq_C; 1yff_C; 1y5k_A; 1j3y_A; 1si4_A; 1ygf_C; 1y7g_C; 1y22_A; 4n7o_C; 3p5q_A; 3s65_C; 1coh_C; 4wjg_A; 4ij2_A; 1jy7_P; 1buw_A; 1gbu_C; 1y4g_A; 2dxm_C; 1dxt_A; 1yhr_C; 2hbe_A; 1y46_C; 3ic0_C; 4mqj_C; 4wjg_Z; 4mqj_G; 1a0u_A; 1hho_A; 1y4p_A; 1rps_C; 2dn3_A; 1j3z_C; 1a3n_A; 2yrs_A; 3qjc_A; 1y7z_A; 4n7p_G; 1a9w_C; 3odq_C; 1y4p_C; 1uiw_C; 1a0z_C; 4l7y_C; 1fn3_A; 1rqa_A; 1yhe_A; 1rps_A; 1yev_C; 4n8t_A; 1cls_C; 1hdb_C; 1y4r_A; 1a00_C; 1qxd_C; 1lfl_C; 3nl7_A; 1xz2_C; 4n7o_G; 1yh9_C; 4wjg_P; 4n7n_A; 1rqa_C; 1rq4_C; 1ird_A; 1j40_G; 1j40_E; 1y4v_A; 2hhe_A; 1y2z_A; 2hhd_A; 1dxu_C; 1gbv_C; 1a01_C; 4n7p_A; 1yhe_C; 4n7n_K; 4hhb_C; 1y83_C; 1yzi_A; 1shr_C; 3dut_C; 3oo4_A; 1y7c_A; 1hga_A; 1jy7_A; 1ljw_A; 1yff_G; 4ni1_A; 1y7d_C; 1mko_C; 1fn3_C; 1sdl_C; 1hgb_C; 1bz1_A; 1z8u_D; 1y01_B; 1z8u_B; 1bz1_C; 4FC3; 1GBV; 1BZZ; 3S65; 1Y31; 3IC0; 1O1K; 1BUW; 2D5Z; 1C7B; 4WJG; 5E6E; 4X0L; 1K0Y; 4MQG; 1LFL; 1B86; 1XZ5; 1A0U; 1AJ9; 1A00; 4ROM; 1RVW; 1O1O; 2HBE; 3D17; 3B75; 4ROL; 1QSH; 1UIW; 4M4A; 1XYE; 1M9P; 1O1P; 1YEO; 1O1N; 1Y4R; 1Y0A; 3QJB; 1Y4F; 1A01; 2YRS; 1GBU; 4N8T; 1Y5K; 3HHB; 1Y0W; 1LFQ; 1XZ7; 6HBW; 2W6V; 1HAB; 3QJD; 3KMF; 1J40; 1GLI; 1IRD; 4IJ2; 1ABW; 1J3Z; 1Y22; 3ODQ; 5EE4; 1GZX; 1HAC; 1RPS; 1RQ4; 1Y5J; 2HBD; 3OVU; 1YHR; 1YE0; 1YEU; 1Y85; 1J3Y; 1SI4; 1YVQ; 1Y7G; 1COH; 1Y0C; 1SDK; 1XZU; 1HBA; 4MQK; 3SZK; 1HDB; 2DN1; 2DN3; 1DXV; 1R1Y; 1J7S; 2DXM; 3S48; 4HHB; 1A3N; 1R1X; 1SDL; 4N7O; 1KD2; 1Y7D; 4N7P; 1DXU; 1Y4Q; 1NQP; 1YG5; 1CMY; 1HGA; 1HHO; 4MQH; 1YGD; 1YZI; 1HBB; 1DKE; 1JY7; 1Y8W; 1O1L; 1XY0; 5E29; 1J7Y; 1BBB; 1YFF; 1RQ3; 3S66; 1YH9; 1BZ0; 1FDH; 4NI1; 3IA3; 4MQJ; 1YEV; 3QJE; 1VWT; 1K1K; 1J7W; 1Y09; 3P5Q; 1LJW; 1HBS; 1Y4V; 2HHD; 1XZ2; 1YDZ; 3OO5; 1HGB; 1HCO; 1SHR; 1Z8U; 1Y01; 3ONZ; 2HHB; 1Y46; 1Y83; 1A3O; 1THB; 3WCP; 3R5I; 4N7N; 4X0I; 1Y0D; 1Y35; 4NI0; 1ABY; 1MKO; 1XZV; 1FN3; 1LFV; 3QJC; 1G9V; 2M6Z; 3OO4; 1YIH; 1LFT; 1YVT; 1DXT; 1C7C; 1A0Z; 1O1M; 1BIJ; 2HBS; 1Y4B; 1CLS; 4XS0; 2HHE; 1YE1; 4M4B; 1BZ1; 1A9W; 1O1I; 1Y5F; 1QXE; 3HXN; 2HBF; 4MQI; 1QSI; 2D60; 1BAB; 1YGF; 1QI8; 1Y45; 1YEQ; 1QXD; 2HBC; 1Y0T; 1Y4P; 1XZ4; 1J41; 1O1J; 4L7Y; 3WHM; 3DUT; 2W72; 1Y2Z; 1RQA; 1C7D; 2HCO; 3D7O; 2DN2; 1NIH; 1NEJ; 1LFY; 2H35; 1Y4G; 3NMM; 1YHE; 1YIE; 1XXT; 1YEN; 1YE2; 3NL7; 1Y7C; 1HGC; 4MQC; 1LFZ; 1Y7Z; 3IC2
P69905,S134-gl,618,5ee4_E; 1gzx_A; 1y4f_C; 1a9w_A; 1y5j_A; 1ygf_A; 1yeq_A; 1yg5_C; 1lfy_A; 1hgc_A; 1uiw_G; 1k1k_A; 1bij_C; 6hbw_A; 4mqj_E; 1dke_A; 1j41_C; 3szk_D; 1ye2_C; 2yrs_M; 1y35_C; 1ye0_A; 3qje_C; 3whm_A; 1j3z_G; 3d7o_A; 1si4_C; 4x0i_A; 1cmy_C; 4mqg_A; 2w6v_C; 1hbb_A; 1ye1_A; 4n7p_E; 3hhb_C; 1y0w_C; 2dxm_A; 4fc3_A; 4n7n_C; 1y4v_C; 2yrs_I; 1jy7_W; 1ye0_C; 5e29_C; 2d60_C; 1kd2_C; 2hbs_E; 1j40_C; 1qsh_C; 1bbb_C; 3b75_C; 1uiw_A; 3wcp_C; 5ee4_C; 2hhb_A; 1lfv_A; 1qsi_A; 3qje_A; 1nih_A; 1y83_A; 3s48_C; 1nqp_A; 1y46_A; 1nej_C; 1lft_A; 1b86_C; 1sdk_A; 1hbb_C; 1yeo_C; 1y35_A; 1y7d_A; 1cmy_A; 3b75_A; 2yrs_C; 1y4g_C; 3hhb_A; 4n7n_G; 2hbs_A; 1a0z_A; 3hxn_C; 1jy7_R; 1dxv_A; 1y22_C; 1k0y_A; 1yeq_C; 3b75_G; 1rq3_C; 4n7n_I; 5e6e_A; 1k0y_C; 1yeu_A; 1jy7_C; 1hbs_C; 4n7o_K; 1y5f_A; 1y2z_C; 1fdh_B; 1coh_A; 4mqk_G; 1yie_A; 1mko_A; 1y5j_C; 1y7z_C; 4wjg_U; 1kd2_A; 1lfl_P; 1qxe_C; 1hba_C; 1bbb_A; 1hac_A; 1yhr_A; 4x0l_A; 1ye1_C; 3kmf_E; 1yen_A; 1y45_C; 3oo5_A; 1ye2_A; 1a3n_C; 4ni0_A; 4rom_C; 3d17_C; 1lfz_A; 1j3y_E; 1thb_C; 1j3y_C; 1y4b_A; 1m9p_C; 3r5i_A; 1g9v_A; 1j40_A; 1xz2_A; 3ic2_A; 4mqk_E; 1xxt_C; 2dn1_A; 1hac_C; 3kmf_A; 1y0t_C; 1y4r_C; 1dke_C; 1cls_A; 3d17_A; 4n7p_I; 1lfl_A; 1gbv_A; 1y5k_C; 1sdl_A; 4m4a_A; 1a0u_C; 1j3z_A; 3ovu_C; 1qsh_A; 2m6z_A; 1lfq_A; 1y5f_C; 1yen_C; 3onz_A; 4n7o_I; 1y4q_C; 1nqp_C; 1yg5_A; 5e29_A; 1xxt_A; 1j3y_G; 6hbw_C; 1shr_A; 1qsi_C; 1qxe_A; 3s65_A; 1bz0_C; 1j3z_E; 1nej_A; 1yih_A; 2w6v_A; 1yh9_A; 2h35_C; 3szk_A; 4n7o_E; 1fdh_A; 1bz0_A; 4n7p_C; 1yff_A; 3whm_E; 1ygd_C; 1dxv_C; 3hxn_A; 1g9v_C; 2hbs_G; 1y31_A; 1y4f_A; 2hco_A; 1gzx_C; 1dxu_A; 4l7y_A; 1y4q_A; 1j41_A; 3b75_S; 2h35_A; 3b75_E; 2m6z_C; 1y4b_C; 3r5i_C; 2d5z_C; 1nih_C; 1j41_G; 4mqk_C; 2dn2_A; 3odq_A; 3s48_D; 1bij_A; 2d5z_A; 2hbs_C; 1yie_C; 1hdb_A; 1a00_A; 1b86_A; 1y0t_A; 1hbs_G; 4wjg_F; 1rq4_A; 4mqj_A; 1yff_E; 4hhb_A; 2hhd_C; 1hgc_C; 1hbs_A; 1ygd_A; 3s66_A; 2hhe_C; 2dn2_C; 1rq3_A; 1y45_A; 1a01_A; 1m9p_A; 1yvt_A; 3wcp_A; 1qxd_A; 1hga_C; 4n7p_K; 4m4b_A; 1hgb_A; 1buw_C; 1yeu_C; 1hco_A; 1uiw_E; 4wjg_K; 4ij2_C; 1yvq_A; 1hab_A; 1hbs_E; 1yev_A; 3ic0_A; 2hbd_A; 4xs0_A; 1j41_E; 1dxt_C; 4rol_C; 1y85_C; 1y0w_A; 1y85_A; 1y7g_A; 1y7c_C; 1sdk_C; 4n7o_A; 4rom_A; 2d60_A; 2hbf_A; 1jy7_U; 3ic2_C; 1yeo_A; 1lfl_R; 1y31_C; 1yih_C; 3dut_A; 4rol_A; 1thb_A; 2hbc_A; 4mqk_A; 2hhb_C; 1gbu_A; 1hab_C; 4n7n_E; 1hba_A; 1yvq_C; 1yff_C; 1y5k_A; 1j3y_A; 1si4_A; 1ygf_C; 1y7g_C; 1y22_A; 4n7o_C; 3p5q_A; 3s65_C; 1coh_C; 4wjg_A; 4ij2_A; 1jy7_P; 1buw_A; 1gbu_C; 1y4g_A; 2dxm_C; 1dxt_A; 1yhr_C; 2hbe_A; 1y46_C; 3ic0_C; 4mqj_C; 4wjg_Z; 4mqj_G; 1a0u_A; 1hho_A; 1y4p_A; 1rps_C; 2dn3_A; 1j3z_C; 1a3n_A; 2yrs_A; 3qjc_A; 1y7z_A; 4n7p_G; 1a9w_C; 3odq_C; 1y4p_C; 1uiw_C; 1a0z_C; 4l7y_C; 1fn3_A; 1rqa_A; 1yhe_A; 1rps_A; 1yev_C; 4n8t_A; 1cls_C; 1hdb_C; 1y4r_A; 1a00_C; 1qxd_C; 1lfl_C; 3nl7_A; 1xz2_C; 4n7o_G; 1yh9_C; 4wjg_P; 4n7n_A; 1rqa_C; 1rq4_C; 1ird_A; 1j40_G; 1j40_E; 1y4v_A; 2hhe_A; 1y2z_A; 2hhd_A; 1dxu_C; 1gbv_C; 1a01_C; 4n7p_A; 1yhe_C; 4n7n_K; 4hhb_C; 1y83_C; 1yzi_A; 1shr_C; 3dut_C; 3oo4_A; 1y7c_A; 1hga_A; 1jy7_A; 1ljw_A; 1yff_G; 4ni1_A; 1y7d_C; 1mko_C; 1fn3_C; 1sdl_C; 1hgb_C; 1bz1_A; 1z8u_D; 1y01_B; 1z8u_B; 1bz1_C; 4FC3; 1GBV; 1BZZ; 3S65; 1Y31; 3IC0; 1O1K; 1BUW; 2D5Z; 1C7B; 4WJG; 5E6E; 4X0L; 1K0Y; 4MQG; 1LFL; 1B86; 1XZ5; 1A0U; 1AJ9; 1A00; 4ROM; 1RVW; 1O1O; 2HBE; 3D17; 3B75; 4ROL; 1QSH; 1UIW; 4M4A; 1XYE; 1M9P; 1O1P; 1YEO; 1O1N; 1Y4R; 1Y0A; 3QJB; 1Y4F; 1A01; 2YRS; 1GBU; 4N8T; 1Y5K; 3HHB; 1Y0W; 1LFQ; 1XZ7; 6HBW; 2W6V; 1HAB; 3QJD; 3KMF; 1J40; 1GLI; 1IRD; 4IJ2; 1ABW; 1J3Z; 1Y22; 3ODQ; 5EE4; 1GZX; 1HAC; 1RPS; 1RQ4; 1Y5J; 2HBD; 3OVU; 1YHR; 1YE0; 1YEU; 1Y85; 1J3Y; 1SI4; 1YVQ; 1Y7G; 1COH; 1Y0C; 1SDK; 1XZU; 1HBA; 4MQK; 3SZK; 1HDB; 2DN1; 2DN3; 1DXV; 1R1Y; 1J7S; 2DXM; 3S48; 4HHB; 1A3N; 1R1X; 1SDL; 4N7O; 1KD2; 1Y7D; 4N7P; 1DXU; 1Y4Q; 1NQP; 1YG5; 1CMY; 1HGA; 1HHO; 4MQH; 1YGD; 1YZI; 1HBB; 1DKE; 1JY7; 1Y8W; 1O1L; 1XY0; 5E29; 1J7Y; 1BBB; 1YFF; 1RQ3; 3S66; 1YH9; 1BZ0; 1FDH; 4NI1; 3IA3; 4MQJ; 1YEV; 3QJE; 1VWT; 1K1K; 1J7W; 1Y09; 3P5Q; 1LJW; 1HBS; 1Y4V; 2HHD; 1XZ2; 1YDZ; 3OO5; 1HGB; 1HCO; 1SHR; 1Z8U; 1Y01; 3ONZ; 2HHB; 1Y46; 1Y83; 1A3O; 1THB; 3WCP; 3R5I; 4N7N; 4X0I; 1Y0D; 1Y35; 4NI0; 1ABY; 1MKO; 1XZV; 1FN3; 1LFV; 3QJC; 1G9V; 2M6Z; 3OO4; 1YIH; 1LFT; 1YVT; 1DXT; 1C7C; 1A0Z; 1O1M; 1BIJ; 2HBS; 1Y4B; 1CLS; 4XS0; 2HHE; 1YE1; 4M4B; 1BZ1; 1A9W; 1O1I; 1Y5F; 1QXE; 3HXN; 2HBF; 4MQI; 1QSI; 2D60; 1BAB; 1YGF; 1QI8; 1Y45; 1YEQ; 1QXD; 2HBC; 1Y0T; 1Y4P; 1XZ4; 1J41; 1O1J; 4L7Y; 3WHM; 3DUT; 2W72; 1Y2Z; 1RQA; 1C7D; 2HCO; 3D7O; 2DN2; 1NIH; 1NEJ; 1LFY; 2H35; 1Y4G; 3NMM; 1YHE; 1YIE; 1XXT; 1YEN; 1YE2; 3NL7; 1Y7C; 1HGC; 4MQC; 1LFZ; 1Y7Z; 3IC2
P68871,S50-gl,502,1xye_B; 1cbl_B; 3b75_B; 4n7o_B; 1sdk_B; 1hho_B; 1rq3_D; 1fn3_B; 1j3y_H; 4l7y_D; 1r1y_B; 1j3y_D; 4n7p_L; 1mko_B; 1lfq_B; 1lft_B; 1qsi_D; 1j41_H; 3whm_B; 1bz0_B; 4m4b_B; 4x0l_B; 1y8w_B; 4n7o_H; 3qjb_B; 2hhd_D; 1k0y_D; 1rq4_D; 1rps_D; 1xz7_B; 1rps_B; 3odq_D; 2hco_B; 1b86_D; 1hga_B; 4n7p_F; 1hgc_D; 2w6v_D; 1hac_B; 1jy7_B; 1buw_D; 1lfl_B; 4wjg_G; 3ic2_D; 3hhb_D; 1qsh_B; 3hxn_D; 1nih_D; 1bab_B; 1y0a_B; 2dn1_B; 1xxt_D; 1jy7_Q; 1kd2_D; 1r1y_D; 4mqh_B; 1hco_B; 4rol_D; 3b75_F; 3ic2_B; 2hbf_B; 1qsh_D; 1j3z_H; 2d5z_B; 3b75_H; 1hgc_B; 1yzi_B; 3kmf_C; 2h35_D; 1hab_B; 1yh9_D; 1hbb_B; 2dxm_D; 3odq_B; 3oo5_B; 1j40_D; 1cls_D; 1rq4_B; 3b75_D; 1ydz_D; 4rol_B; 4rom_B; 1j40_F; 1cbm_D; 4hhb_D; 1vwt_D; 1jy7_D; 3d17_D; 5ee4_D; 3szk_B; 4n7n_H; 1fn3_D; 1hgb_B; 1bab_D; 1k0y_B; 1ljw_B; 1qsi_B; 5ee4_F; 1j41_F; 4n7n_B; 1coh_B; 1qxd_B; 1lfv_B; 1yhr_B; 1hbb_D; 4wjg_B; 1ydz_B; 2d60_D; 3p5q_B; 3kmf_G; 1dke_B; 4n7p_B; 1y09_D; 2m6z_D; 1j3z_B; 3nmm_B; 4m4a_B; 1xz7_D; 2dn2_B; 1lfz_B; 4mqc_B; 2hhb_D; 2m6z_B; 3onz_B; 1xz4_B; 1xy0_B; 1bbb_B; 4wjg_V; 1sdk_D; 4hhb_B; 1y09_B; 3r5i_D; 1jy7_S; 1gzx_D; 4n7p_D; 4n7o_J; 1j3z_D; 4n7p_H; 1a3o_B; 1j3y_B; 1uiw_B; 3wcp_B; 2d60_B; 1y0a_D; 1thb_B; 3hhb_B; 3hxn_B; 4ij2_B; 1ird_B; 1yhe_B; 1lfl_Q; 1bij_D; 2h35_B; 4xs0_B; 1bzz_D; 1lfl_D; 1lfl_S; 1cbm_C; 1bbb_D; 1bz1_D; 1kd2_B; 2dn3_B; 1y0d_D; 4wjg_1; 3d17_B; 1uiw_F; 1nih_B; 4wjg_Q; 1bzz_B; 1uiw_D; 1g9v_D; 3wcp_D; 1coh_D; 3r5i_B; 3whm_F; 1xz4_D; 1xye_D; 1a3o_D; 1j40_B; 4n7o_L; 1cls_B; 1mko_D; 1uiw_H; 2hbc_B; 1buw_B; 1y0d_B; 4n8t_B; 1r1x_B; 4n7n_L; 4n7o_F; 1sdl_B; 4n7p_J; 1gzx_B; 2hbe_B; 4ni1_B; 1j40_H; 1lfy_B; 1rq3_B; 1jy7_X; 3nmm_D; 1hac_D; 2dxm_B; 1cbl_D; 4n7o_D; 4n7n_J; 3ic0_D; 1y0c_B; 4n7n_D; 2d5z_D; 3oo4_B; 1qxe_B; 1bz1_B; 1xy0_D; 1thb_D; 1qxd_D; 1hgb_D; 1qxe_D; 1g9v_B; 4wjg_L; 1xzv_D; 3ic0_B; 3b75_T; 3szk_E; 1cbl_A; 3d7o_B; 2hhb_B; 1rvw_B; 1b86_B; 4x0i_B; 1xz5_B; 4l7y_B; 1cbl_C; 1xxt_B; 1sdl_D; 1vwt_B; 1xz5_D; 1bij_B; 4rom_D; 1xz2_D; 1y8w_D; 1cbm_B; 1hab_D; 2hhd_B; 1yh9_B; 3qjd_D; 1xzu_B; 1j41_B; 1xzv_B; 1yhr_D; 1bz0_D; 3qjd_B; 1y0c_D; 1dke_D; 4n7n_F; 4fc3_B; 4ij2_D; 1aj9_B; 1yhe_D; 1j3y_F; 1xz2_B; 1hga_D; 1a3n_D; 2hbd_B; 4ni0_B; 2dn2_D; 1a3n_B; 1jy7_V; 1j3z_F; 2w6v_B; 1xzu_D; 1j41_D; 1cbm_A; 1dxt_D; 1dxt_B; 4FC3; 1GBV; 1BZZ; 3S65; 1Y31; 1O1K; 3IC0; 1BUW; 2D5Z; 4WJG; 1C7B; 5E6E; 1K0Y; 4X0L; 4MQG; 1LFL; 1B86; 1XZ5; 1A0U; 1AJ9; 1A00; 4ROM; 1RVW; 1O1O; 3D17; 2HBE; 3B75; 4ROL; 1QSH; 1UIW; 4M4A; 1XYE; 1M9P; 1O1P; 1Y4R; 1O1N; 1YEO; 3QJB; 1Y0A; 1Y4F; 1A01; 2YRS; 1GBU; 4N8T; 1Y5K; 3HHB; 1Y0W; 1LFQ; 6HBW; 1XZ7; 2W6V; 1HAB; 3QJD; 3KMF; 1J40; 1GLI; 1IRD; 4IJ2; 1ABW; 1J3Z; 1CBL; 1Y22; 3ODQ; 1CH4; 5EE4; 1GZX; 1HAC; 1RPS; 1RQ4; 1Y5J; 2HBD; 1YHR; 1YEU; 1YE0; 1Y85; 1J3Y; 1YVQ; 1Y7G; 1COH; 1Y0C; 1SDK; 1XZU; 1HBA; 1HDB; 3SZK; 2DN1; 1R1Y; 2DN3; 1DXV; 1J7S; 2DXM; 4HHB; 1A3N; 1R1X; 1SDL; 4N7O; 1KD2; 1Y7D; 4N7P; 1Y4Q; 1DXU; 1NQP; 1YG5; 1CMY; 1HGA; 1HHO; 4MQH; 1YGD; 1YZI; 1HBB; 1DKE; 1JY7; 1Y8W; 1O1L; 1XY0; 5E29; 1BBB; 1J7Y; 1RQ3; 1YFF; 3S66; 1YH9; 1BZ0; 4NI1; 3QJE; 1YEV; 1VWT; 1K1K; 1J7W; 1Y09; 1LJW; 3P5Q; 1HBS; 1Y4V; 2HHD; 1XZ2; 1YDZ; 3OO5; 1HGB; 1HCO; 3ONZ; 2HHB; 1Y46; 1Y83; 1A3O; 1THB; 3WCP; 3R5I; 4N7N; 4X0I; 1Y0D; 1Y35; 4NI0; 1ABY; 1MKO; 1XZV; 1FN3; 1LFV; 3QJC; 1G9V; 2M6Z; 1YIH; 3OO4; 1LFT; 1YVT; 3W4U; 1DXT; 1A0Z; 1C7C; 1O1M; 1BIJ; 1Y4B; 2HBS; 1CLS; 4XS0; 2HHE; 1YE1; 4M4B; 1BZ1; 1O1I; 1Y5F; 3HXN; 1QXE; 2HBF; 4MQI; 1QSI; 2D60; 1BAB; 1YGF; 1QI8; 1Y45; 1YEQ; 1CBM; 1QXD; 2HBC; 1Y0T; 1Y4P; 1XZ4; 1J41; 1O1J; 4L7Y; 3WHM; 3DUT; 2W72; 1Y2Z; 1RQA; 1C7D; 2HCO; 3D7O; 2DN2; 1NIH; 1LFY; 1NEJ; 2H35; 1Y4G; 3NMM; 1YHE; 1YIE; 1YEN; 1XXT; 1YE2; 3NL7; 1Y7C; 1HGC; 4MQC; 1LFZ; 1Y7Z; 3IC2
P68871,S73-gl,502,1xye_B; 1cbl_B; 3b75_B; 4n7o_B; 1sdk_B; 1hho_B; 1rq3_D; 1fn3_B; 1j3y_H; 4l7y_D; 1r1y_B; 1j3y_D; 4n7p_L; 1mko_B; 1lfq_B; 1lft_B; 1qsi_D; 1j41_H; 3whm_B; 1bz0_B; 4m4b_B; 4x0l_B; 1y8w_B; 4n7o_H; 3qjb_B; 2hhd_D; 1k0y_D; 1rq4_D; 1rps_D; 1xz7_B; 1rps_B; 3odq_D; 2hco_B; 1b86_D; 1hga_B; 4n7p_F; 1hgc_D; 2w6v_D; 1hac_B; 1jy7_B; 1buw_D; 1lfl_B; 4wjg_G; 3ic2_D; 3hhb_D; 1qsh_B; 3hxn_D; 1nih_D; 1bab_B; 1y0a_B; 2dn1_B; 1xxt_D; 1jy7_Q; 1kd2_D; 1r1y_D; 4mqh_B; 1hco_B; 4rol_D; 3b75_F; 3ic2_B; 2hbf_B; 1qsh_D; 1j3z_H; 2d5z_B; 3b75_H; 1hgc_B; 1yzi_B; 3kmf_C; 2h35_D; 1hab_B; 1yh9_D; 1hbb_B; 2dxm_D; 3odq_B; 3oo5_B; 1j40_D; 1cls_D; 1rq4_B; 3b75_D; 1ydz_D; 4rol_B; 4rom_B; 1j40_F; 1cbm_D; 4hhb_D; 1vwt_D; 1jy7_D; 3d17_D; 5ee4_D; 3szk_B; 4n7n_H; 1fn3_D; 1hgb_B; 1bab_D; 1k0y_B; 1ljw_B; 1qsi_B; 5ee4_F; 1j41_F; 4n7n_B; 1coh_B; 1qxd_B; 1lfv_B; 1yhr_B; 1hbb_D; 4wjg_B; 1ydz_B; 2d60_D; 3p5q_B; 3kmf_G; 1dke_B; 4n7p_B; 1y09_D; 2m6z_D; 1j3z_B; 3nmm_B; 4m4a_B; 1xz7_D; 2dn2_B; 1lfz_B; 4mqc_B; 2hhb_D; 2m6z_B; 3onz_B; 1xz4_B; 1xy0_B; 1bbb_B; 4wjg_V; 1sdk_D; 4hhb_B; 1y09_B; 3r5i_D; 1jy7_S; 1gzx_D; 4n7p_D; 4n7o_J; 1j3z_D; 4n7p_H; 1a3o_B; 1j3y_B; 1uiw_B; 3wcp_B; 2d60_B; 1y0a_D; 1thb_B; 3hhb_B; 3hxn_B; 4ij2_B; 1ird_B; 1yhe_B; 1lfl_Q; 1bij_D; 2h35_B; 4xs0_B; 1bzz_D; 1lfl_D; 1lfl_S; 1cbm_C; 1bbb_D; 1bz1_D; 1kd2_B; 2dn3_B; 1y0d_D; 4wjg_1; 3d17_B; 1uiw_F; 1nih_B; 4wjg_Q; 1bzz_B; 1uiw_D; 1g9v_D; 3wcp_D; 1coh_D; 3r5i_B; 3whm_F; 1xz4_D; 1xye_D; 1a3o_D; 1j40_B; 4n7o_L; 1cls_B; 1mko_D; 1uiw_H; 2hbc_B; 1buw_B; 1y0d_B; 4n8t_B; 1r1x_B; 4n7n_L; 4n7o_F; 1sdl_B; 4n7p_J; 1gzx_B; 2hbe_B; 4ni1_B; 1j40_H; 1lfy_B; 1rq3_B; 1jy7_X; 3nmm_D; 1hac_D; 2dxm_B; 1cbl_D; 4n7o_D; 4n7n_J; 3ic0_D; 1y0c_B; 4n7n_D; 2d5z_D; 3oo4_B; 1qxe_B; 1bz1_B; 1xy0_D; 1thb_D; 1qxd_D; 1hgb_D; 1qxe_D; 1g9v_B; 4wjg_L; 1xzv_D; 3ic0_B; 3b75_T; 3szk_E; 1cbl_A; 3d7o_B; 2hhb_B; 1rvw_B; 1b86_B; 4x0i_B; 1xz5_B; 4l7y_B; 1cbl_C; 1xxt_B; 1sdl_D; 1vwt_B; 1xz5_D; 1bij_B; 4rom_D; 1xz2_D; 1y8w_D; 1cbm_B; 1hab_D; 2hhd_B; 1yh9_B; 3qjd_D; 1xzu_B; 1j41_B; 1xzv_B; 1yhr_D; 1bz0_D; 3qjd_B; 1y0c_D; 1dke_D; 4n7n_F; 4fc3_B; 4ij2_D; 1aj9_B; 1yhe_D; 1j3y_F; 1xz2_B; 1hga_D; 1a3n_D; 2hbd_B; 4ni0_B; 2dn2_D; 1a3n_B; 1jy7_V; 1j3z_F; 2w6v_B; 1xzu_D; 1j41_D; 1cbm_A; 1dxt_D; 1dxt_B; 4FC3; 1GBV; 1BZZ; 3S65; 1Y31; 1O1K; 3IC0; 1BUW; 2D5Z; 4WJG; 1C7B; 5E6E; 1K0Y; 4X0L; 4MQG; 1LFL; 1B86; 1XZ5; 1A0U; 1AJ9; 1A00; 4ROM; 1RVW; 1O1O; 3D17; 2HBE; 3B75; 4ROL; 1QSH; 1UIW; 4M4A; 1XYE; 1M9P; 1O1P; 1Y4R; 1O1N; 1YEO; 3QJB; 1Y0A; 1Y4F; 1A01; 2YRS; 1GBU; 4N8T; 1Y5K; 3HHB; 1Y0W; 1LFQ; 6HBW; 1XZ7; 2W6V; 1HAB; 3QJD; 3KMF; 1J40; 1GLI; 1IRD; 4IJ2; 1ABW; 1J3Z; 1CBL; 1Y22; 3ODQ; 1CH4; 5EE4; 1GZX; 1HAC; 1RPS; 1RQ4; 1Y5J; 2HBD; 1YHR; 1YEU; 1YE0; 1Y85; 1J3Y; 1YVQ; 1Y7G; 1COH; 1Y0C; 1SDK; 1XZU; 1HBA; 1HDB; 3SZK; 2DN1; 1R1Y; 2DN3; 1DXV; 1J7S; 2DXM; 4HHB; 1A3N; 1R1X; 1SDL; 4N7O; 1KD2; 1Y7D; 4N7P; 1Y4Q; 1DXU; 1NQP; 1YG5; 1CMY; 1HGA; 1HHO; 4MQH; 1YGD; 1YZI; 1HBB; 1DKE; 1JY7; 1Y8W; 1O1L; 1XY0; 5E29; 1BBB; 1J7Y; 1RQ3; 1YFF; 3S66; 1YH9; 1BZ0; 4NI1; 3QJE; 1YEV; 1VWT; 1K1K; 1J7W; 1Y09; 1LJW; 3P5Q; 1HBS; 1Y4V; 2HHD; 1XZ2; 1YDZ; 3OO5; 1HGB; 1HCO; 3ONZ; 2HHB; 1Y46; 1Y83; 1A3O; 1THB; 3WCP; 3R5I; 4N7N; 4X0I; 1Y0D; 1Y35; 4NI0; 1ABY; 1MKO; 1XZV; 1FN3; 1LFV; 3QJC; 1G9V; 2M6Z; 1YIH; 3OO4; 1LFT; 1YVT; 3W4U; 1DXT; 1A0Z; 1C7C; 1O1M; 1BIJ; 1Y4B; 2HBS; 1CLS; 4XS0; 2HHE; 1YE1; 4M4B; 1BZ1; 1O1I; 1Y5F; 3HXN; 1QXE; 2HBF; 4MQI; 1QSI; 2D60; 1BAB; 1YGF; 1QI8; 1Y45; 1YEQ; 1CBM; 1QXD; 2HBC; 1Y0T; 1Y4P; 1XZ4; 1J41; 1O1J; 4L7Y; 3WHM; 3DUT; 2W72; 1Y2Z; 1RQA; 1C7D; 2HCO; 3D7O; 2DN2; 1NIH; 1LFY; 1NEJ; 2H35; 1Y4G; 3NMM; 1YHE; 1YIE; 1YEN; 1XXT; 1YE2; 3NL7; 1Y7C; 1HGC; 4MQC; 1LFZ; 1Y7Z; 3IC2
P68871,T85-gl,502,1xye_B; 1cbl_B; 3b75_B; 4n7o_B; 1sdk_B; 1hho_B; 1rq3_D; 1fn3_B; 1j3y_H; 4l7y_D; 1r1y_B; 1j3y_D; 4n7p_L; 1mko_B; 1lfq_B; 1lft_B; 1qsi_D; 1j41_H; 3whm_B; 1bz0_B; 4m4b_B; 4x0l_B; 1y8w_B; 4n7o_H; 3qjb_B; 2hhd_D; 1k0y_D; 1rq4_D; 1rps_D; 1xz7_B; 1rps_B; 3odq_D; 2hco_B; 1b86_D; 1hga_B; 4n7p_F; 1hgc_D; 2w6v_D; 1hac_B; 1jy7_B; 1buw_D; 1lfl_B; 4wjg_G; 3ic2_D; 3hhb_D; 1qsh_B; 3hxn_D; 1nih_D; 1bab_B; 1y0a_B; 2dn1_B; 1xxt_D; 1jy7_Q; 1kd2_D; 1r1y_D; 4mqh_B; 1hco_B; 4rol_D; 3b75_F; 3ic2_B; 2hbf_B; 1qsh_D; 1j3z_H; 2d5z_B; 3b75_H; 1hgc_B; 1yzi_B; 3kmf_C; 2h35_D; 1hab_B; 1yh9_D; 1hbb_B; 2dxm_D; 3odq_B; 3oo5_B; 1j40_D; 1cls_D; 1rq4_B; 3b75_D; 1ydz_D; 4rol_B; 4rom_B; 1j40_F; 1cbm_D; 4hhb_D; 1vwt_D; 1jy7_D; 3d17_D; 5ee4_D; 3szk_B; 4n7n_H; 1fn3_D; 1hgb_B; 1bab_D; 1k0y_B; 1ljw_B; 1qsi_B; 5ee4_F; 1j41_F; 4n7n_B; 1coh_B; 1qxd_B; 1lfv_B; 1yhr_B; 1hbb_D; 4wjg_B; 1ydz_B; 2d60_D; 3p5q_B; 3kmf_G; 1dke_B; 4n7p_B; 1y09_D; 2m6z_D; 1j3z_B; 3nmm_B; 4m4a_B; 1xz7_D; 2dn2_B; 1lfz_B; 4mqc_B; 2hhb_D; 2m6z_B; 3onz_B; 1xz4_B; 1xy0_B; 1bbb_B; 4wjg_V; 1sdk_D; 4hhb_B; 1y09_B; 3r5i_D; 1jy7_S; 1gzx_D; 4n7p_D; 4n7o_J; 1j3z_D; 4n7p_H; 1a3o_B; 1j3y_B; 1uiw_B; 3wcp_B; 2d60_B; 1y0a_D; 1thb_B; 3hhb_B; 3hxn_B; 4ij2_B; 1ird_B; 1yhe_B; 1lfl_Q; 1bij_D; 2h35_B; 4xs0_B; 1bzz_D; 1lfl_D; 1lfl_S; 1cbm_C; 1bbb_D; 1bz1_D; 1kd2_B; 2dn3_B; 1y0d_D; 4wjg_1; 3d17_B; 1uiw_F; 1nih_B; 4wjg_Q; 1bzz_B; 1uiw_D; 1g9v_D; 3wcp_D; 1coh_D; 3r5i_B; 3whm_F; 1xz4_D; 1xye_D; 1a3o_D; 1j40_B; 4n7o_L; 1cls_B; 1mko_D; 1uiw_H; 2hbc_B; 1buw_B; 1y0d_B; 4n8t_B; 1r1x_B; 4n7n_L; 4n7o_F; 1sdl_B; 4n7p_J; 1gzx_B; 2hbe_B; 4ni1_B; 1j40_H; 1lfy_B; 1rq3_B; 1jy7_X; 3nmm_D; 1hac_D; 2dxm_B; 1cbl_D; 4n7o_D; 4n7n_J; 3ic0_D; 1y0c_B; 4n7n_D; 2d5z_D; 3oo4_B; 1qxe_B; 1bz1_B; 1xy0_D; 1thb_D; 1qxd_D; 1hgb_D; 1qxe_D; 1g9v_B; 4wjg_L; 1xzv_D; 3ic0_B; 3b75_T; 3szk_E; 1cbl_A; 3d7o_B; 2hhb_B; 1rvw_B; 1b86_B; 4x0i_B; 1xz5_B; 4l7y_B; 1cbl_C; 1xxt_B; 1sdl_D; 1vwt_B; 1xz5_D; 1bij_B; 4rom_D; 1xz2_D; 1y8w_D; 1cbm_B; 1hab_D; 2hhd_B; 1yh9_B; 3qjd_D; 1xzu_B; 1j41_B; 1xzv_B; 1yhr_D; 1bz0_D; 3qjd_B; 1y0c_D; 1dke_D; 4n7n_F; 4fc3_B; 4ij2_D; 1aj9_B; 1yhe_D; 1j3y_F; 1xz2_B; 1hga_D; 1a3n_D; 2hbd_B; 4ni0_B; 2dn2_D; 1a3n_B; 1jy7_V; 1j3z_F; 2w6v_B; 1xzu_D; 1j41_D; 1cbm_A; 1dxt_D; 1dxt_B; 4FC3; 1GBV; 1BZZ; 3S65; 1Y31; 1O1K; 3IC0; 1BUW; 2D5Z; 4WJG; 1C7B; 5E6E; 1K0Y; 4X0L; 4MQG; 1LFL; 1B86; 1XZ5; 1A0U; 1AJ9; 1A00; 4ROM; 1RVW; 1O1O; 3D17; 2HBE; 3B75; 4ROL; 1QSH; 1UIW; 4M4A; 1XYE; 1M9P; 1O1P; 1Y4R; 1O1N; 1YEO; 3QJB; 1Y0A; 1Y4F; 1A01; 2YRS; 1GBU; 4N8T; 1Y5K; 3HHB; 1Y0W; 1LFQ; 6HBW; 1XZ7; 2W6V; 1HAB; 3QJD; 3KMF; 1J40; 1GLI; 1IRD; 4IJ2; 1ABW; 1J3Z; 1CBL; 1Y22; 3ODQ; 1CH4; 5EE4; 1GZX; 1HAC; 1RPS; 1RQ4; 1Y5J; 2HBD; 1YHR; 1YEU; 1YE0; 1Y85; 1J3Y; 1YVQ; 1Y7G; 1COH; 1Y0C; 1SDK; 1XZU; 1HBA; 1HDB; 3SZK; 2DN1; 1R1Y; 2DN3; 1DXV; 1J7S; 2DXM; 4HHB; 1A3N; 1R1X; 1SDL; 4N7O; 1KD2; 1Y7D; 4N7P; 1Y4Q; 1DXU; 1NQP; 1YG5; 1CMY; 1HGA; 1HHO; 4MQH; 1YGD; 1YZI; 1HBB; 1DKE; 1JY7; 1Y8W; 1O1L; 1XY0; 5E29; 1BBB; 1J7Y; 1RQ3; 1YFF; 3S66; 1YH9; 1BZ0; 4NI1; 3QJE; 1YEV; 1VWT; 1K1K; 1J7W; 1Y09; 1LJW; 3P5Q; 1HBS; 1Y4V; 2HHD; 1XZ2; 1YDZ; 3OO5; 1HGB; 1HCO; 3ONZ; 2HHB; 1Y46; 1Y83; 1A3O; 1THB; 3WCP; 3R5I; 4N7N; 4X0I; 1Y0D; 1Y35; 4NI0; 1ABY; 1MKO; 1XZV; 1FN3; 1LFV; 3QJC; 1G9V; 2M6Z; 1YIH; 3OO4; 1LFT; 1YVT; 3W4U; 1DXT; 1A0Z; 1C7C; 1O1M; 1BIJ; 1Y4B; 2HBS; 1CLS; 4XS0; 2HHE; 1YE1; 4M4B; 1BZ1; 1O1I; 1Y5F; 3HXN; 1QXE; 2HBF; 4MQI; 1QSI; 2D60; 1BAB; 1YGF; 1QI8; 1Y45; 1YEQ; 1CBM; 1QXD; 2HBC; 1Y0T; 1Y4P; 1XZ4; 1J41; 1O1J; 4L7Y; 3WHM; 3DUT; 2W72; 1Y2Z; 1RQA; 1C7D; 2HCO; 3D7O; 2DN2; 1NIH; 1LFY; 1NEJ; 2H35; 1Y4G; 3NMM; 1YHE; 1YIE; 1YEN; 1XXT; 1YE2; 3NL7; 1Y7C; 1HGC; 4MQC; 1LFZ; 1Y7Z; 3IC2
P51610,T490-gl,5,4N39; 4N3B; 4N3A; 4N3C; 4GO6
P51610,T495-gl,5,4N39; 4N3B; 4N3A; 4N3C; 4GO6
P51610,S562-gl,5,4N39; 4N3B; 4N3A; 4N3C; 4GO6
P51610,S563-gl,5,4N39; 4N3B; 4N3A; 4N3C; 4GO6
P51610,S569-gl,5,4N39; 4N3B; 4N3A; 4N3C; 4GO6
P51610,T579-gl,5,4N39; 4N3B; 4N3A; 4N3C; 4GO6
P51610,S620-gl,5,4N39; 4N3B; 4N3A; 4N3C; 4GO6
P51610,S622-gl,5,4N39; 4N3B; 4N3A; 4N3C; 4GO6
P51610,S623-gl,5,4N39; 4N3B; 4N3A; 4N3C; 4GO6
P51610,T625-gl,5,4N39; 4N3B; 4N3A; 4N3C; 4GO6
P51610,T651-gl,5,4N39; 4N3B; 4N3A; 4N3C; 4GO6
P51610,T652-gl,5,4N39; 4N3B; 4N3A; 4N3C; 4GO6
P51610,S685-gl,5,4N39; 4N3B; 4N3A; 4N3C; 4GO6
P51610,T694-gl,5,4N39; 4N3B; 4N3A; 4N3C; 4GO6
P51610,T726-gl,5,4N39; 4N3B; 4N3A; 4N3C; 4GO6
P51610,T739-gl,5,4N39; 4N3B; 4N3A; 4N3C; 4GO6
P51610,T760-gl,5,4N39; 4N3B; 4N3A; 4N3C; 4GO6
P51610,T761-gl,5,4N39; 4N3B; 4N3A; 4N3C; 4GO6
P51610,T779-gl,5,4N39; 4N3B; 4N3A; 4N3C; 4GO6
P51610,T801-gl,5,4N39; 4N3B; 4N3A; 4N3C; 4GO6
P51610,S806-gl,5,4N39; 4N3B; 4N3A; 4N3C; 4GO6
P51610,T808-gl,5,4N39; 4N3B; 4N3A; 4N3C; 4GO6
P51610,T861-gl,5,4N39; 4N3B; 4N3A; 4N3C; 4GO6
P51610,T877-gl,5,4N39; 4N3B; 4N3A; 4N3C; 4GO6
P51610,T878-gl,5,4N39; 4N3B; 4N3A; 4N3C; 4GO6
P51610,T881-gl,5,4N39; 4N3B; 4N3A; 4N3C; 4GO6
P51610,S921-gl,5,4N39; 4N3B; 4N3A; 4N3C; 4GO6
P51610,T927-gl,5,4N39; 4N3B; 4N3A; 4N3C; 4GO6
P51610,S932-gl,5,4N39; 4N3B; 4N3A; 4N3C; 4GO6
P51610,T936-gl,5,4N39; 4N3B; 4N3A; 4N3C; 4GO6
P51610,T937-gl,5,4N39; 4N3B; 4N3A; 4N3C; 4GO6
P51610,T939-gl,5,4N39; 4N3B; 4N3A; 4N3C; 4GO6
P51610,T950-gl,5,4N39; 4N3B; 4N3A; 4N3C; 4GO6
P51610,S955-gl,5,4N39; 4N3B; 4N3A; 4N3C; 4GO6
P51610,T995-gl,5,4N39; 4N3B; 4N3A; 4N3C; 4GO6
P51610,T1020-gl,5,4N39; 4N3B; 4N3A; 4N3C; 4GO6
P51610,T1025-gl,5,4N39; 4N3B; 4N3A; 4N3C; 4GO6
P51610,T1030-gl,5,4N39; 4N3B; 4N3A; 4N3C; 4GO6
P51610,T1031-gl,5,4N39; 4N3B; 4N3A; 4N3C; 4GO6
P51610,T1143-gl,5,4N39; 4N3B; 4N3A; 4N3C; 4GO6
P51610,S1150-gl,5,4N39; 4N3B; 4N3A; 4N3C; 4GO6
P51610,T1239-gl,5,4N39; 4N3B; 4N3A; 4N3C; 4GO6
P51610,T1273-gl,5,4N39; 4N3B; 4N3A; 4N3C; 4GO6
P51610,T1335-gl,5,4N39; 4N3B; 4N3A; 4N3C; 4GO6
P51610,T1743-gl,5,4N39; 4N3B; 4N3A; 4N3C; 4GO6
P15822,T2325-gl,3,4ZNF; 3ZNF; 1BBO
P31943,T152-gl,1,2LXU
P26599,T25-gl,9,1QM9; 3ZZZ; 2ADC; 3ZZY; 1SJR; 2ADB; 1SJQ; 2AD9; 2EVZ
P35637,T19-gl,4,2LA6; 4FQ3; 4FDD; 2LCW
P24592,S204-gl,1,1RMJ
O14920,S733-gl,4,4KIK; 3BRT; 4E3C; 3BRV
P35568,S984-gl,4,1QQG; 1K3A; 2Z8C; 1IRS
P35568,S985-gl,4,1QQG; 1K3A; 2Z8C; 1IRS
P35568,S1011-gl,4,1QQG; 1K3A; 2Z8C; 1IRS
P05106,S778-gl,59,3FCS; 2RMZ; 1S4X; 2LJD; 2MTP; 2RN0; 2LJE; 2VDM; 2VDK; 2K9J; 1KUZ; 2VDO; 3ZDX; 2VDP; 3NIG; 3ZE2; 4Z7Q; 1M8O; 1M1X; 3ZDY; 3T3M; 3NID; 3IJE; 4MMZ; 1KUP; 3ZE0; 4Z7N; 3ZDZ; 2KV9; 2L91; 2KNC; 4CAK; 1MK9; 4MMX; 4Z7S; 4O02; 2LJF; 4MMY; 1JV2; 3ZE1; 1MIZ; 1U8C; 2L1C; 2INI; 4G1M; 1TYE; 3T3P; 1RN0; 2VC2; 4G1E; 3NIF; 3FCU; 2Q6W; 2VDQ; 1MK7; 2VDR; 2VDL; 1L5G; 2VDN
P05106,T784-gl,59,3FCS; 2RMZ; 1S4X; 2LJD; 2MTP; 2RN0; 2LJE; 2VDM; 2VDK; 2K9J; 1KUZ; 2VDO; 3ZDX; 2VDP; 3NIG; 3ZE2; 4Z7Q; 1M8O; 1M1X; 3ZDY; 3T3M; 3NID; 3IJE; 4MMZ; 1KUP; 3ZE0; 4Z7N; 3ZDZ; 2KV9; 2L91; 2KNC; 4CAK; 1MK9; 4MMX; 4Z7S; 4O02; 2LJF; 4MMY; 1JV2; 3ZE1; 1MIZ; 1U8C; 2L1C; 2INI; 4G1M; 1TYE; 3T3P; 1RN0; 2VC2; 4G1E; 3NIF; 3FCU; 2Q6W; 2VDQ; 1MK7; 2VDR; 2VDL; 1L5G; 2VDN
P05783,S30-gl,0,
P05783,S31-gl,0,
P05783,S49-gl,0,
P05787,S13-gl,0,
P05787,S15-gl,0,
P05787,S475-gl,0,
Q9P2N6,T860-gl,0,
Q96J84,T739-gl,0,
Q96J84,S740-gl,0,
P02545,S612-gl,9,3V4W; 3V5B; 1IVT; 1X8Y; 2YPT; 1IFR; 2XV5; 3GEF; 3V4Q
P02545,T643-gl,9,3V4W; 3V5B; 1IVT; 1X8Y; 2YPT; 1IFR; 2XV5; 3GEF; 3V4Q
Q96HC4,T110-gl,2,2UZC; 2DAR
Q86X29,T185-gl,0,
Q86X29,T316-gl,0,
Q86X29,S317-gl,0,
Q86X29,S326-gl,0,
Q86X29,T327-gl,0,
Q86X29,S332-gl,0,
Q86X29,S371-gl,0,
Q86X29,S418-gl,0,
Q86X29,S424-gl,0,
Q86X29,S432-gl,0,
Q86X29,T435-gl,0,
Q86X29,S436-gl,0,
Q86X29,S444-gl,0,
Q86X29,S447-gl,0,
Q86X29,T453-gl,0,
Q86X29,S464-gl,0,
Q86X29,S546-gl,0,
Q8WWI1,T1578-gl,1,2EAQ
P36941,T421-gl,2,1RF3; 4MXW
P36941,S423-gl,2,1RF3; 4MXW
P02788,S54-gl,32,1LFH; 2HD4; 1B0L; 1XV7; 1SQY; 1HSE; 2DP4; 1LFG; 1H44; 2PMS; 1LFI; 1VFD; 2GMC; 2GMD; 1CB6; 1N76; 1Z6V; 1H45; 1FCK; 1XV4; 1EH3; 2BJJ; 1DSN; 1Z6W; 1BKA; 1H43; 1U62; 1LGB; 1VFE; 1LCT; 1L5T; 1LCF
Q7Z3D4,S252-gl,0,
Q7Z3D4,T253-gl,0,
Q7Z3D4,S257-gl,0,
Q7Z3D4,S261-gl,0,
Q7Z3D4,T279-gl,0,
O60675,T134-gl,0,
O60675,S153-gl,0,
P27816,S797-gl,0,
Q14814,S275-gl,0,
Q8IWI9,S1557-gl,0,
P14174,S112-gl,169,1gif_B; 1gif_C; 1gif_A; 3JTU; 3WNS; 3U18; 4WRB; 4WR8; 1MIF; 1CA7; 4GRU; 4GRO; 4GRQ; 3DJI; 2OOW; 3B9S; 4XX7; 4P0H; 4OYQ; 3SMC; 1GIF; 4K9G; 3IJG; 3CE4; 3HOF; 4TRU; 3L5P; 3WNR; 3L5S; 4GRR; 5BS9; 3DJH; 3JSF; 3L5U; 3WNT; 2OOZ; 2OOH; 4TRF; 1GCZ; 4EUI; 5BSC; 4EVG; 1CGQ; 3JSG; 3L5V; 4GRP; 4PLU; 4OSF; 4P01; 3IJJ; 5BSI; 4GUM; 5EIZ; 4XX8; 4ETG; 3L5R; 4GRN; 1P1G; 3SMB; 4F2K; 1LJT; 3L5T; 4PKZ; 1GD0; 1mif_B; 1mif_C; 1mif_A; 4k9g_C; 4wrb_B; 4trf_A; 3b9s_A; 4wr8_A; 4trf_B; 4wr8_L; 4p0h_C; 3smc_B; 4gru_B; 3u18_B; 4wr8_H; 3wnt_A; 2oow_C; 3wns_A; 4f2k_A; 4osf_A; 4gru_A; 4p0h_A; 4p0h_B; 3wnt_B; 4osf_B; 3dji_C; 4trf_C; 4wr8_N; 4wr8_O; 3ce4_C; 3wns_B; 4wr8_E; 4wr8_F; 3ijj_A; 3u18_C; 3dji_F; 3smb_C; 4wr8_M; 2ooh_A; 2oow_B; 4wr8_I; 3djh_A; 3ijg_A; 3smb_A; 2ooz_C; 4gru_C; 1ca7_C; 1ljt_A; 4oyq_B; 2oow_A; 3dji_D; 4f2k_C; 3djh_B; 4p01_A; 4wr8_J; 3dji_E; 4osf_C; 4plu_B; 4oyq_C; 4p01_C; 4wr8_B; 1ljt_C; 3smc_C; 3ce4_A; 4wrb_A; 3ijg_B; 3dji_B; 3djh_C; 3wnr_A; 3wnr_B; 3wnt_C; 1ca7_B; 3wnr_C; 3ijg_C; 2ooz_A; 4wr8_D; 4f2k_B; 4wrb_C; 4wr8_C; 3smb_B; 4wr8_Q; 1ljt_B; 4wr8_G; 3wns_C; 4p01_B; 3u18_A; 2ooh_B; 3dji_A; 1ca7_A; 4wr8_R; 4wr8_K; 4plu_C; 4k9g_B; 4wr8_P; 3b9s_B; 2ooh_C; 3smc_A; 3ijj_C; 3ce4_B; 3b9s_C; 4plu_A; 2ooz_B; 4oyq_A; 4k9g_A; 3ijj_B
P14174,T113-gl,169,1gif_B; 1gif_C; 1gif_A; 3JTU; 3WNS; 3U18; 4WRB; 4WR8; 1MIF; 1CA7; 4GRU; 4GRO; 4GRQ; 3DJI; 2OOW; 3B9S; 4XX7; 4P0H; 4OYQ; 3SMC; 1GIF; 4K9G; 3IJG; 3CE4; 3HOF; 4TRU; 3L5P; 3WNR; 3L5S; 4GRR; 5BS9; 3DJH; 3JSF; 3L5U; 3WNT; 2OOZ; 2OOH; 4TRF; 1GCZ; 4EUI; 5BSC; 4EVG; 1CGQ; 3JSG; 3L5V; 4GRP; 4PLU; 4OSF; 4P01; 3IJJ; 5BSI; 4GUM; 5EIZ; 4XX8; 4ETG; 3L5R; 4GRN; 1P1G; 3SMB; 4F2K; 1LJT; 3L5T; 4PKZ; 1GD0; 1mif_B; 1mif_C; 1mif_A; 4k9g_C; 4wrb_B; 4trf_A; 3b9s_A; 4wr8_A; 4trf_B; 4wr8_L; 4p0h_C; 3smc_B; 4gru_B; 3u18_B; 4wr8_H; 3wnt_A; 2oow_C; 3wns_A; 4f2k_A; 4osf_A; 4gru_A; 4p0h_A; 4p0h_B; 3wnt_B; 4osf_B; 3dji_C; 4trf_C; 4wr8_N; 4wr8_O; 3ce4_C; 3wns_B; 4wr8_E; 4wr8_F; 3ijj_A; 3u18_C; 3dji_F; 3smb_C; 4wr8_M; 2ooh_A; 2oow_B; 4wr8_I; 3djh_A; 3ijg_A; 3smb_A; 2ooz_C; 4gru_C; 1ca7_C; 1ljt_A; 4oyq_B; 2oow_A; 3dji_D; 4f2k_C; 3djh_B; 4p01_A; 4wr8_J; 3dji_E; 4osf_C; 4plu_B; 4oyq_C; 4p01_C; 4wr8_B; 1ljt_C; 3smc_C; 3ce4_A; 4wrb_A; 3ijg_B; 3dji_B; 3djh_C; 3wnr_A; 3wnr_B; 3wnt_C; 1ca7_B; 3wnr_C; 3ijg_C; 2ooz_A; 4wr8_D; 4f2k_B; 4wrb_C; 4wr8_C; 3smb_B; 4wr8_Q; 1ljt_B; 4wr8_G; 3wns_C; 4p01_B; 3u18_A; 2ooh_B; 3dji_A; 1ca7_A; 4wr8_R; 4wr8_K; 4plu_C; 4k9g_B; 4wr8_P; 3b9s_B; 2ooh_C; 3smc_A; 3ijj_C; 3ce4_B; 3b9s_C; 4plu_A; 2ooz_B; 4oyq_A; 4k9g_A; 3ijj_B
Q8IZD2,T440-gl,2,2LV9; 4L58
P55197,S269-gl,2,5DAG; 5DAH
P01106,T58-gl,7,1MV0; 4Y7R; 1A93; 2OR9; 1EE4; 1NKP; 2A93
P12883,S1102-gl,15,5CJ0; 4XA6; 4PA0; 5CJ1; 1IK2; 4DB1; 2FXO; 2FXM; 5CJ4; 4XA4; 4XA1; 4P7H; 5CHX; 4XA3; 3DTP
P12883,S1299-gl,15,5CJ0; 4XA6; 4PA0; 5CJ1; 1IK2; 4DB1; 2FXO; 2FXM; 5CJ4; 4XA4; 4XA1; 4P7H; 5CHX; 4XA3; 3DTP
P12883,S1596-gl,15,5CJ0; 4XA6; 4PA0; 5CJ1; 1IK2; 4DB1; 2FXO; 2FXM; 5CJ4; 4XA4; 4XA1; 4P7H; 5CHX; 4XA3; 3DTP
P12883,S1710-gl,15,5CJ0; 4XA6; 4PA0; 5CJ1; 1IK2; 4DB1; 2FXO; 2FXM; 5CJ4; 4XA4; 4XA1; 4P7H; 5CHX; 4XA3; 3DTP
O75376,S1487-gl,6,3KMZ; 4MDD; 2EQR; 3N00; 3H52; 4WVD
Q04206,T305-gl,8,2O61; 1NFI; 4KV1; 3GUT; 2LSP; 3RC0; 3QXY; 4KV4
Q04206,T322-gl,8,2O61; 1NFI; 4KV1; 3GUT; 2LSP; 3RC0; 3QXY; 4KV4
Q04206,T352-gl,8,2O61; 1NFI; 4KV1; 3GUT; 2LSP; 3RC0; 3QXY; 4KV4
Q6P4R8,T750-gl,4,4UF5; 4UF6; 3U21; 4WLP
Q6P4R8,T841-gl,4,4UF5; 4UF6; 3U21; 4WLP
Q6P4R8,T1273-gl,4,4UF5; 4UF6; 3U21; 4WLP
Q14157,T782-gl,0,
Q14157,T783-gl,0,
Q14980,S1844-gl,1,3RO2
P49790,S534-gl,6,4U0D; 2EBV; 2EBR; 4U0C; 2GQE; 2EBQ
P49790,S544-gl,6,4U0D; 2EBV; 2EBR; 4U0C; 2GQE; 2EBQ
P49790,S908-gl,6,4U0D; 2EBV; 2EBR; 4U0C; 2GQE; 2EBQ
P49790,S909-gl,6,4U0D; 2EBV; 2EBR; 4U0C; 2GQE; 2EBQ
P49790,S1113-gl,6,4U0D; 2EBV; 2EBR; 4U0C; 2GQE; 2EBQ
P49790,T1156-gl,6,4U0D; 2EBV; 2EBR; 4U0C; 2GQE; 2EBQ
P49790,T1179-gl,6,4U0D; 2EBV; 2EBR; 4U0C; 2GQE; 2EBQ
P49790,T1180-gl,6,4U0D; 2EBV; 2EBR; 4U0C; 2GQE; 2EBQ
P35658,T580-gl,5,2OIT; 3FMO; 3FMP; 3FHC; 5DIS
P35658,S1056-gl,5,2OIT; 3FMO; 3FMP; 3FHC; 5DIS
P35658,T1201-gl,5,2OIT; 3FMO; 3FMP; 3FHC; 5DIS
P35658,S1354-gl,5,2OIT; 3FMO; 3FMP; 3FHC; 5DIS
P52948,T184-gl,6,5A9Q; 2Q5Y; 3MMY; 1KO6; 4OWR; 2Q5X
P52948,T567-gl,6,5A9Q; 2Q5Y; 3MMY; 1KO6; 4OWR; 2Q5X
P52948,T568-gl,6,5A9Q; 2Q5Y; 3MMY; 1KO6; 4OWR; 2Q5X
P09086,S192-gl,1,1HDP
P09086,S272-gl,1,1HDP
P09086,S275-gl,1,1HDP
P09086,T302-gl,1,1HDP
P09086,S324-gl,1,1HDP
P09086,S372-gl,1,1HDP
P09086,S390-gl,1,1HDP
P09086,S395-gl,1,1HDP
O60502,S405-gl,1,2YDQ
P10451,S49-gl,2,3DSF; 3CXD
P04637,S149-gl,136,3Q06; 3Q01; 4QO1; 5AOL; 2X0V; 4IBT; 3OQ5; 1MA3; 4IBS; 4KVP; 2WGX; 4X34; 3PDH; 1C26; 4AGQ; 1SAL; 4IBZ; 1UOL; 5AOM; 4LOE; 3D08; 4IBY; 2YDR; 4IBW; 2ADY; 2J21; 4BV2; 4IBV; 3ZME; 2AHI; 4AGN; 1YCR; 4AGP; 2J1Z; 3D09; 1A1U; 1YCQ; 2MWO; 4IBQ; 2H4J; 2YBG; 2BIN; 3D05; 2B3G; 2PCX; 4HFZ; 1SAE; 2Z5S; 2J11; 2X0U; 1OLG; 3KZ8; 4IBU; 1YCS; 2AC0; 4LOF; 3SAK; 4BUZ; 3LW1; 5ABA; 2BIQ; 4MZR; 2H2D; 4AGO; 1H26; 2RUK; 4ZZJ; 1TSR; 2H59; 2FOJ; 2XWR; 1KZY; 2J10; 3IGK; 3D0A; 2Z5T; 4AGM; 2MZD; 1HS5; 5AOI; 5AB9; 5ECG; 3KMD; 4MZI; 1TUP; 5A7B; 2BIO; 2ATA; 2MWP; 2VUK; 2MEJ; 2FOO; 1GZH; 1SAF; 2L14; 3D07; 3DAB; 3TG5; 2FEJ; 1YC5; 2BIM; 1AIE; 2J0Z; 2X0W; 2H2F; 1XQH; 2H1L; 1DT7; 2J1W; 4IJT; 2H4F; 1PES; 2F1X; 3Q05; 1JSP; 3TS8; 3IGL; 1OLH; 2J20; 3DAC; 2K8F; 4HJE; 2J1X; 3D06; 4AGL; 5AOJ; 2OCJ; 5AOK; 2LY4; 4LO9; 1SAK; 2J1Y; 2GS0; 2BIP; 2H4H; 1PET
Q9NR12,S89-gl,1,2Q3G
Q9NR12,T239-gl,1,2Q3G
Q9NR12,S240-gl,1,2Q3G
Q9NR12,T241-gl,1,2Q3G
O15055,S566-gl,0,
O15055,S580-gl,0,
O15055,S653-gl,0,
O15055,S662-gl,0,
O15055,S668-gl,0,
O15055,S671-gl,0,
O15055,T734-gl,0,
O15055,T965-gl,0,
O15055,S983-gl,0,
Q96Q06,S704-gl,0,
P35232,S121-gl,1,1LU7
P35232,T258-gl,1,1LU7
O00625,T8-gl,13,4ewe_A; 4ewa_A; 1j1l_A; 4ewd_A; 4ero_A; 4EWA; 1J1L; 4EWE; 4GUL; 4EWD; 3ACL; 4ERO; 4HLT
Q9HAU0,S382-gl,1,2DKP
Q7Z3K3,S244-gl,2,2N3A; 2E72
P24928,T1618-gl,10,3D9L; 2GHQ; 3D9O; 3D9N; 3D9K; 2LTO; 4JXT; 2GHT; 3D9P; 3D9M
Q96HA1,T693-gl,0,
Q96HA1,S694-gl,0,
Q96HA1,S738-gl,0,
A8CG34,T670-gl,0,
A8CG34,S671-gl,0,
A8CG34,S715-gl,0,
P49593,T448-gl,0,
P32119,T18-gl,11,1qmv_H; 1qmv_B; 1qmv_F; 1qmv_D; 1qmv_I; 1qmv_E; 1qmv_C; 1qmv_A; 1qmv_J; 1qmv_G; 1QMV
P32119,S112-gl,11,1qmv_H; 1qmv_B; 1qmv_F; 1qmv_D; 1qmv_I; 1qmv_E; 1qmv_C; 1qmv_A; 1qmv_J; 1qmv_G; 1QMV
Q9Y520,T2243-gl,0,
Q9Y520,T2693-gl,0,
Q3MIT2,S171-gl,1,2V9K
Q3MIT2,S173-gl,1,2V9K
P49023-2,S74-gl,0,
P49023-2,S83-gl,0,
P49023-2,S84-gl,0,
P49023-2,S85-gl,0,
Q2KHR3,T104-gl,0,
Q2KHR3,S105-gl,0,
P49792,T1399-gl,12,3UIO; 3UIP; 1RRP; 1XKE; 5CLQ; 4I9Y; 3UIN; 4L6E; 1Z5S; 5CLL; 4GA0; 4LQW
P49792,S1400-gl,12,3UIO; 3UIP; 1RRP; 1XKE; 5CLQ; 4I9Y; 3UIN; 4L6E; 1Z5S; 5CLL; 4GA0; 4LQW
P49792,S1894-gl,12,3UIO; 3UIP; 1RRP; 1XKE; 5CLQ; 4I9Y; 3UIN; 4L6E; 1Z5S; 5CLL; 4GA0; 4LQW
Q9UK61,S1124-gl,0,
Q70E73,T784-gl,2,4GMV; 4GN1
Q96PK6,S244-gl,1,2DNP
Q96PK6,S254-gl,1,2DNP
Q96PK6,S256-gl,1,2DNP
Q96PK6,S280-gl,1,2DNP
Q9UPN6,T614-gl,9,3D9L; 3D9J; 3D9O; 3D9N; 2DIW; 3D9K; 3D9I; 3D9P; 3D9M
Q9UPN6,T615-gl,9,3D9L; 3D9J; 3D9O; 3D9N; 2DIW; 3D9K; 3D9I; 3D9P; 3D9M
Q9P2N5,S546-gl,0,
Q9P2N5,S738-gl,0,
A6NKT7,S919-gl,0,
Q7Z3J3,S919-gl,0,
Q99666,S918-gl,0,
O14715,S918-gl,0,
Q5VT52,S399-gl,1,4FLB
Q5VT52,T400-gl,1,4FLB
Q14684,S731-gl,0,
A3KN83,T112-gl,0,
Q96T58,T2529-gl,3,4P6Q; 2RT5; 1OW1
Q96T58,S2530-gl,3,4P6Q; 2RT5; 1OW1
Q96T58,S2811-gl,3,4P6Q; 2RT5; 1OW1
Q96T58,T2924-gl,3,4P6Q; 2RT5; 1OW1
Q99808,S63-gl,0,
P02730,S162-gl,17,4yzf_B; 4yzf_A; 4yzf_D; 4yzf_C; 1BH7; 1BZK; 1BTR; 1BTQ; 2BTA; 4YZF; 1BNX; 4KY9; 3BTB; 2BTB; 1BTS; 1HYN; 1BTT
P02730,S224-gl,17,4yzf_B; 4yzf_A; 4yzf_D; 4yzf_C; 1BH7; 1BZK; 1BTR; 1BTQ; 2BTA; 4YZF; 1BNX; 4KY9; 3BTB; 2BTB; 1BTS; 1HYN; 1BTT
P02730,S745-gl,17,4yzf_B; 4yzf_A; 4yzf_D; 4yzf_C; 1BH7; 1BZK; 1BTR; 1BTQ; 2BTA; 4YZF; 1BNX; 4KY9; 3BTB; 2BTB; 1BTS; 1HYN; 1BTT
Q9Y618,T1569-gl,12,2ODD; 2L5G; 1KKQ; 2RT5; 3R2A; 4A69; 2LTP; 3R29; 4OAR; 2GPV; 1R2B; 1XC5
Q9Y618,T1570-gl,12,2ODD; 2L5G; 1KKQ; 2RT5; 3R2A; 4A69; 2LTP; 3R29; 4OAR; 2GPV; 1R2B; 1XC5
O95863,S112-gl,4,3w5k_B; 4QLI; 3W5K; 2Y48
O95295,S50-gl,0,
P37840,S87-gl,19,1xq8_A; 2kkw_A; 4R0W; 2JN5; 2M55; 4BXL; 2KKW; 3Q29; 3Q28; 3Q25; 5CRW; 2X6M; 3Q26; 4R0U; 4RIK; 3Q27; 4RIL; 4ZNN; 1XQ8
P18583,T252-gl,0,
P18583,T253-gl,0,
P08047,S491-gl,5,1SP2; 1VA2; 1VA1; 1VA3; 1SP1
P08047,S612-gl,5,1SP2; 1VA2; 1VA1; 1VA3; 1SP1
P08047,T640-gl,5,1SP2; 1VA2; 1VA1; 1VA3; 1SP1
P08047,S641-gl,5,1SP2; 1VA2; 1VA1; 1VA3; 1SP1
P08047,S698-gl,5,1SP2; 1VA2; 1VA1; 1VA3; 1SP1
P08047,S702-gl,5,1SP2; 1VA2; 1VA1; 1VA3; 1SP1
O00267,S917-gl,5,2E70; 3H7H; 2DO3; 2E6Z; 4L1U
P02549,S844-gl,2,3LBX; 1OWA
P02549,S1250-gl,2,3LBX; 1OWA
P02549,S1738-gl,2,3LBX; 1OWA
P11277,S671-gl,6,3KBU; 3KBT; 1S35; 3F57; 3LBX; 3EDU
P11277,S767-gl,6,3KBU; 3KBT; 1S35; 3F57; 3LBX; 3EDU
P11277,S1297-gl,6,3KBU; 3KBT; 1S35; 3F57; 3LBX; 3EDU
P11277,S1652-gl,6,3KBU; 3KBT; 1S35; 3F57; 3LBX; 3EDU
P11277,S1936-gl,6,3KBU; 3KBT; 1S35; 3F57; 3LBX; 3EDU
Q01082,S2324-gl,3,3EDV; 1AA2; 1BKR
Q6ZRS2,S2416-gl,0,
P11831,S277-gl,3,1K6O; 1SRS; 1HBX
P11831,S313-gl,3,1K6O; 1SRS; 1HBX
P11831,S316-gl,3,1K6O; 1SRS; 1HBX
P11831,S383-gl,3,1K6O; 1SRS; 1HBX
P11831,T401-gl,3,1K6O; 1SRS; 1HBX
Q9UQ35,S2236-gl,0,
P42229,T92-gl,0,
O95793,T362-gl,1,4DKK
Q8N3V7,T409-gl,0,
Q15750,S395-gl,13,4L3P; 2J4O; 4GS6; 4AY5; 2YDS; 5DIY; 4KA3; 2YIY; 4L53; 4AY6; 2POP; 4O91; 2POM
O00268,S528-gl,2,2P6V; 1H3O
Q92750,S489-gl,0,
P10636-8,T123-gl,0,
P10636-8,S208-gl,0,
P10636-8,S238-gl,0,
P10636-8,S356-gl,0,
P10636-8,S400-gl,0,
Q86VP1,T157-gl,4,4NLH; 2M7Q; 5AAS; 4BMJ
Q6N021,S1518-gl,3,4NM6; 5D9Y; 5DEU
Q8WUH6,T39-gl,0,
Q8WUH6,T46-gl,0,
P63313,T28-gl,0,
P63313,T31-gl,0,
O94811,S152-gl,0,
O94811,T155-gl,0,
P12270,S1676-gl,0,
Q15652,T1452-gl,1,2YPD
Q15652,T1453-gl,1,2YPD
Q15652,T1457-gl,1,2YPD
P08670,S7-gl,18,3S4R; 1GK7; 3SSU; 3UF1; 4MD0; 1GK6; 4YPC; 4MDJ; 4MDI; 4MCY; 4YV3; 1GK4; 3SWK; 3KLT; 3G1E; 4MD5; 4MCZ; 3TRT
P08670,T33-gl,18,3S4R; 1GK7; 3SSU; 3UF1; 4MD0; 1GK6; 4YPC; 4MDJ; 4MDI; 4MCY; 4YV3; 1GK4; 3SWK; 3KLT; 3G1E; 4MD5; 4MCZ; 3TRT
P08670,S34-gl,18,3S4R; 1GK7; 3SSU; 3UF1; 4MD0; 1GK6; 4YPC; 4MDJ; 4MDI; 4MCY; 4YV3; 1GK4; 3SWK; 3KLT; 3G1E; 4MD5; 4MCZ; 3TRT
P08670,S55-gl,18,3S4R; 1GK7; 3SSU; 3UF1; 4MD0; 1GK6; 4YPC; 4MDJ; 4MDI; 4MCY; 4YV3; 1GK4; 3SWK; 3KLT; 3G1E; 4MD5; 4MCZ; 3TRT
Q6RFH5,T345-gl,0,
Q6RFH5,S351-gl,0,
Q9BYJ9,S196-gl,2,4RCI; 4RCJ
Q7Z739,T205-gl,0,
Q6PJT7,T369-gl,0,
Q6PJT7,T370-gl,0,
Q96KR1,S148-gl,0,
Q96KR1,T149-gl,0,
Q96KR1,S195-gl,0,
Q96KR1,T202-gl,0,
Q9UKY1,S450-gl,4,2ECB; 2GHF; 3NAR; 2LY9
Q9Y2X9,S891-gl,0,
O15014,S1196-gl,0,
