P31946,3,2BQ0; 2C23; 4DNK
P31946,3,2BQ0; 2C23; 4DNK
P31946,3,2BQ0; 2C23; 4DNK
P31946,3,2BQ0; 2C23; 4DNK
P31946,3,2BQ0; 2C23; 4DNK
P31946,3,2BQ0; 2C23; 4DNK
P31946,3,2BQ0; 2C23; 4DNK
P31946,3,2BQ0; 2C23; 4DNK
P31946,3,2BQ0; 2C23; 4DNK
P31946,3,2BQ0; 2C23; 4DNK
P31946,3,2BQ0; 2C23; 4DNK
P31946,3,2BQ0; 2C23; 4DNK
P31946,3,2BQ0; 2C23; 4DNK
P31946,3,2BQ0; 2C23; 4DNK
P31946,3,2BQ0; 2C23; 4DNK
P31946,3,2BQ0; 2C23; 4DNK
P31946,3,2BQ0; 2C23; 4DNK
P31946,3,2BQ0; 2C23; 4DNK
P31946,3,2BQ0; 2C23; 4DNK
P31946,3,2BQ0; 2C23; 4DNK
P31946,3,2BQ0; 2C23; 4DNK
P31946,3,2BQ0; 2C23; 4DNK
P31946,3,2BQ0; 2C23; 4DNK
P31946,3,2BQ0; 2C23; 4DNK
P31946,3,2BQ0; 2C23; 4DNK
P62258,3,3UAL; 2BR9; 3UBW
P62258,3,3UAL; 2BR9; 3UBW
P62258,3,3UAL; 2BR9; 3UBW
P62258,3,3UAL; 2BR9; 3UBW
P62258,3,3UAL; 2BR9; 3UBW
P62258,3,3UAL; 2BR9; 3UBW
P62258,3,3UAL; 2BR9; 3UBW
P62258,3,3UAL; 2BR9; 3UBW
P62258,3,3UAL; 2BR9; 3UBW
P62258,3,3UAL; 2BR9; 3UBW
P62258,3,3UAL; 2BR9; 3UBW
P62258,3,3UAL; 2BR9; 3UBW
P62258,3,3UAL; 2BR9; 3UBW
P62258,3,3UAL; 2BR9; 3UBW
P62258,3,3UAL; 2BR9; 3UBW
P62258,3,3UAL; 2BR9; 3UBW
P62258,3,3UAL; 2BR9; 3UBW
P62258,3,3UAL; 2BR9; 3UBW
Q04917,2,2C63; 2C74
Q04917,2,2C63; 2C74
Q04917,2,2C63; 2C74
Q04917,2,2C63; 2C74
Q04917,2,2C63; 2C74
Q04917,2,2C63; 2C74
Q04917,2,2C63; 2C74
Q04917,2,2C63; 2C74
Q04917,2,2C63; 2C74
Q04917,2,2C63; 2C74
Q04917,2,2C63; 2C74
Q04917,2,2C63; 2C74
Q04917,2,2C63; 2C74
P61981,11,4J6S; 3UZD; 4O46; 4E2E; 2B05; 2b05_F; 2b05_D; 2b05_A; 2b05_C; 2b05_B; 2b05_E
P61981,11,4J6S; 3UZD; 4O46; 4E2E; 2B05; 2b05_F; 2b05_D; 2b05_A; 2b05_C; 2b05_B; 2b05_E
P61981,11,4J6S; 3UZD; 4O46; 4E2E; 2B05; 2b05_F; 2b05_D; 2b05_A; 2b05_C; 2b05_B; 2b05_E
P61981,11,4J6S; 3UZD; 4O46; 4E2E; 2B05; 2b05_F; 2b05_D; 2b05_A; 2b05_C; 2b05_B; 2b05_E
P61981,11,4J6S; 3UZD; 4O46; 4E2E; 2B05; 2b05_F; 2b05_D; 2b05_A; 2b05_C; 2b05_B; 2b05_E
P61981,11,4J6S; 3UZD; 4O46; 4E2E; 2B05; 2b05_F; 2b05_D; 2b05_A; 2b05_C; 2b05_B; 2b05_E
P61981,11,4J6S; 3UZD; 4O46; 4E2E; 2B05; 2b05_F; 2b05_D; 2b05_A; 2b05_C; 2b05_B; 2b05_E
P61981,11,4J6S; 3UZD; 4O46; 4E2E; 2B05; 2b05_F; 2b05_D; 2b05_A; 2b05_C; 2b05_B; 2b05_E
P61981,11,4J6S; 3UZD; 4O46; 4E2E; 2B05; 2b05_F; 2b05_D; 2b05_A; 2b05_C; 2b05_B; 2b05_E
P61981,11,4J6S; 3UZD; 4O46; 4E2E; 2B05; 2b05_F; 2b05_D; 2b05_A; 2b05_C; 2b05_B; 2b05_E
P61981,11,4J6S; 3UZD; 4O46; 4E2E; 2B05; 2b05_F; 2b05_D; 2b05_A; 2b05_C; 2b05_B; 2b05_E
P61981,11,4J6S; 3UZD; 4O46; 4E2E; 2B05; 2b05_F; 2b05_D; 2b05_A; 2b05_C; 2b05_B; 2b05_E
P61981,11,4J6S; 3UZD; 4O46; 4E2E; 2B05; 2b05_F; 2b05_D; 2b05_A; 2b05_C; 2b05_B; 2b05_E
P61981,11,4J6S; 3UZD; 4O46; 4E2E; 2B05; 2b05_F; 2b05_D; 2b05_A; 2b05_C; 2b05_B; 2b05_E
P61981,11,4J6S; 3UZD; 4O46; 4E2E; 2B05; 2b05_F; 2b05_D; 2b05_A; 2b05_C; 2b05_B; 2b05_E
P61981,11,4J6S; 3UZD; 4O46; 4E2E; 2B05; 2b05_F; 2b05_D; 2b05_A; 2b05_C; 2b05_B; 2b05_E
P61981,11,4J6S; 3UZD; 4O46; 4E2E; 2B05; 2b05_F; 2b05_D; 2b05_A; 2b05_C; 2b05_B; 2b05_E
P61981,11,4J6S; 3UZD; 4O46; 4E2E; 2B05; 2b05_F; 2b05_D; 2b05_A; 2b05_C; 2b05_B; 2b05_E
P61981,11,4J6S; 3UZD; 4O46; 4E2E; 2B05; 2b05_F; 2b05_D; 2b05_A; 2b05_C; 2b05_B; 2b05_E
P61981,11,4J6S; 3UZD; 4O46; 4E2E; 2B05; 2b05_F; 2b05_D; 2b05_A; 2b05_C; 2b05_B; 2b05_E
P61981,11,4J6S; 3UZD; 4O46; 4E2E; 2B05; 2b05_F; 2b05_D; 2b05_A; 2b05_C; 2b05_B; 2b05_E
P61981,11,4J6S; 3UZD; 4O46; 4E2E; 2B05; 2b05_F; 2b05_D; 2b05_A; 2b05_C; 2b05_B; 2b05_E
P61981,11,4J6S; 3UZD; 4O46; 4E2E; 2B05; 2b05_F; 2b05_D; 2b05_A; 2b05_C; 2b05_B; 2b05_E
P61981,11,4J6S; 3UZD; 4O46; 4E2E; 2B05; 2b05_F; 2b05_D; 2b05_A; 2b05_C; 2b05_B; 2b05_E
P61981,11,4J6S; 3UZD; 4O46; 4E2E; 2B05; 2b05_F; 2b05_D; 2b05_A; 2b05_C; 2b05_B; 2b05_E
P31947,49,1ywt_A; 1yz5_B; 1yz5_A; 1ywt_B; 4DAU; 3SML; 3U9X; 4Y32; 3IQU; 3IQV; 3P1N; 3UX0; 1YZ5; 3SMK; 4DHN; 4HRU; 4DHS; 4IEA; 4DHO; 4HQW; 4DHU; 4DHT; 4FR3; 3P1S; 3MHR; 4JC3; 4DAT; 4FL5; 1YWT; 3P1O; 4DHR; 3SMO; 3SMM; 4QLI; 4DHM; 3P1Q; 3SMN; 4JDD; 3P1R; 4DHQ; 3T0L; 4Y3B; 3T0M; 3SPR; 3IQJ; 3LW1; 3P1P; 3O8I; 4DHP
P31947,49,1ywt_A; 1yz5_B; 1yz5_A; 1ywt_B; 4DAU; 3SML; 3U9X; 4Y32; 3IQU; 3IQV; 3P1N; 3UX0; 1YZ5; 3SMK; 4DHN; 4HRU; 4DHS; 4IEA; 4DHO; 4HQW; 4DHU; 4DHT; 4FR3; 3P1S; 3MHR; 4JC3; 4DAT; 4FL5; 1YWT; 3P1O; 4DHR; 3SMO; 3SMM; 4QLI; 4DHM; 3P1Q; 3SMN; 4JDD; 3P1R; 4DHQ; 3T0L; 4Y3B; 3T0M; 3SPR; 3IQJ; 3LW1; 3P1P; 3O8I; 4DHP
P31947,49,1ywt_A; 1yz5_B; 1yz5_A; 1ywt_B; 4DAU; 3SML; 3U9X; 4Y32; 3IQU; 3IQV; 3P1N; 3UX0; 1YZ5; 3SMK; 4DHN; 4HRU; 4DHS; 4IEA; 4DHO; 4HQW; 4DHU; 4DHT; 4FR3; 3P1S; 3MHR; 4JC3; 4DAT; 4FL5; 1YWT; 3P1O; 4DHR; 3SMO; 3SMM; 4QLI; 4DHM; 3P1Q; 3SMN; 4JDD; 3P1R; 4DHQ; 3T0L; 4Y3B; 3T0M; 3SPR; 3IQJ; 3LW1; 3P1P; 3O8I; 4DHP
P31947,49,1ywt_A; 1yz5_B; 1yz5_A; 1ywt_B; 4DAU; 3SML; 3U9X; 4Y32; 3IQU; 3IQV; 3P1N; 3UX0; 1YZ5; 3SMK; 4DHN; 4HRU; 4DHS; 4IEA; 4DHO; 4HQW; 4DHU; 4DHT; 4FR3; 3P1S; 3MHR; 4JC3; 4DAT; 4FL5; 1YWT; 3P1O; 4DHR; 3SMO; 3SMM; 4QLI; 4DHM; 3P1Q; 3SMN; 4JDD; 3P1R; 4DHQ; 3T0L; 4Y3B; 3T0M; 3SPR; 3IQJ; 3LW1; 3P1P; 3O8I; 4DHP
P31947,49,1ywt_A; 1yz5_B; 1yz5_A; 1ywt_B; 4DAU; 3SML; 3U9X; 4Y32; 3IQU; 3IQV; 3P1N; 3UX0; 1YZ5; 3SMK; 4DHN; 4HRU; 4DHS; 4IEA; 4DHO; 4HQW; 4DHU; 4DHT; 4FR3; 3P1S; 3MHR; 4JC3; 4DAT; 4FL5; 1YWT; 3P1O; 4DHR; 3SMO; 3SMM; 4QLI; 4DHM; 3P1Q; 3SMN; 4JDD; 3P1R; 4DHQ; 3T0L; 4Y3B; 3T0M; 3SPR; 3IQJ; 3LW1; 3P1P; 3O8I; 4DHP
P31947,49,1ywt_A; 1yz5_B; 1yz5_A; 1ywt_B; 4DAU; 3SML; 3U9X; 4Y32; 3IQU; 3IQV; 3P1N; 3UX0; 1YZ5; 3SMK; 4DHN; 4HRU; 4DHS; 4IEA; 4DHO; 4HQW; 4DHU; 4DHT; 4FR3; 3P1S; 3MHR; 4JC3; 4DAT; 4FL5; 1YWT; 3P1O; 4DHR; 3SMO; 3SMM; 4QLI; 4DHM; 3P1Q; 3SMN; 4JDD; 3P1R; 4DHQ; 3T0L; 4Y3B; 3T0M; 3SPR; 3IQJ; 3LW1; 3P1P; 3O8I; 4DHP
P31947,49,1ywt_A; 1yz5_B; 1yz5_A; 1ywt_B; 4DAU; 3SML; 3U9X; 4Y32; 3IQU; 3IQV; 3P1N; 3UX0; 1YZ5; 3SMK; 4DHN; 4HRU; 4DHS; 4IEA; 4DHO; 4HQW; 4DHU; 4DHT; 4FR3; 3P1S; 3MHR; 4JC3; 4DAT; 4FL5; 1YWT; 3P1O; 4DHR; 3SMO; 3SMM; 4QLI; 4DHM; 3P1Q; 3SMN; 4JDD; 3P1R; 4DHQ; 3T0L; 4Y3B; 3T0M; 3SPR; 3IQJ; 3LW1; 3P1P; 3O8I; 4DHP
P31947,49,1ywt_A; 1yz5_B; 1yz5_A; 1ywt_B; 4DAU; 3SML; 3U9X; 4Y32; 3IQU; 3IQV; 3P1N; 3UX0; 1YZ5; 3SMK; 4DHN; 4HRU; 4DHS; 4IEA; 4DHO; 4HQW; 4DHU; 4DHT; 4FR3; 3P1S; 3MHR; 4JC3; 4DAT; 4FL5; 1YWT; 3P1O; 4DHR; 3SMO; 3SMM; 4QLI; 4DHM; 3P1Q; 3SMN; 4JDD; 3P1R; 4DHQ; 3T0L; 4Y3B; 3T0M; 3SPR; 3IQJ; 3LW1; 3P1P; 3O8I; 4DHP
P31947,49,1ywt_A; 1yz5_B; 1yz5_A; 1ywt_B; 4DAU; 3SML; 3U9X; 4Y32; 3IQU; 3IQV; 3P1N; 3UX0; 1YZ5; 3SMK; 4DHN; 4HRU; 4DHS; 4IEA; 4DHO; 4HQW; 4DHU; 4DHT; 4FR3; 3P1S; 3MHR; 4JC3; 4DAT; 4FL5; 1YWT; 3P1O; 4DHR; 3SMO; 3SMM; 4QLI; 4DHM; 3P1Q; 3SMN; 4JDD; 3P1R; 4DHQ; 3T0L; 4Y3B; 3T0M; 3SPR; 3IQJ; 3LW1; 3P1P; 3O8I; 4DHP
P31947,49,1ywt_A; 1yz5_B; 1yz5_A; 1ywt_B; 4DAU; 3SML; 3U9X; 4Y32; 3IQU; 3IQV; 3P1N; 3UX0; 1YZ5; 3SMK; 4DHN; 4HRU; 4DHS; 4IEA; 4DHO; 4HQW; 4DHU; 4DHT; 4FR3; 3P1S; 3MHR; 4JC3; 4DAT; 4FL5; 1YWT; 3P1O; 4DHR; 3SMO; 3SMM; 4QLI; 4DHM; 3P1Q; 3SMN; 4JDD; 3P1R; 4DHQ; 3T0L; 4Y3B; 3T0M; 3SPR; 3IQJ; 3LW1; 3P1P; 3O8I; 4DHP
P31947,49,1ywt_A; 1yz5_B; 1yz5_A; 1ywt_B; 4DAU; 3SML; 3U9X; 4Y32; 3IQU; 3IQV; 3P1N; 3UX0; 1YZ5; 3SMK; 4DHN; 4HRU; 4DHS; 4IEA; 4DHO; 4HQW; 4DHU; 4DHT; 4FR3; 3P1S; 3MHR; 4JC3; 4DAT; 4FL5; 1YWT; 3P1O; 4DHR; 3SMO; 3SMM; 4QLI; 4DHM; 3P1Q; 3SMN; 4JDD; 3P1R; 4DHQ; 3T0L; 4Y3B; 3T0M; 3SPR; 3IQJ; 3LW1; 3P1P; 3O8I; 4DHP
P31947,49,1ywt_A; 1yz5_B; 1yz5_A; 1ywt_B; 4DAU; 3SML; 3U9X; 4Y32; 3IQU; 3IQV; 3P1N; 3UX0; 1YZ5; 3SMK; 4DHN; 4HRU; 4DHS; 4IEA; 4DHO; 4HQW; 4DHU; 4DHT; 4FR3; 3P1S; 3MHR; 4JC3; 4DAT; 4FL5; 1YWT; 3P1O; 4DHR; 3SMO; 3SMM; 4QLI; 4DHM; 3P1Q; 3SMN; 4JDD; 3P1R; 4DHQ; 3T0L; 4Y3B; 3T0M; 3SPR; 3IQJ; 3LW1; 3P1P; 3O8I; 4DHP
P31947,49,1ywt_A; 1yz5_B; 1yz5_A; 1ywt_B; 4DAU; 3SML; 3U9X; 4Y32; 3IQU; 3IQV; 3P1N; 3UX0; 1YZ5; 3SMK; 4DHN; 4HRU; 4DHS; 4IEA; 4DHO; 4HQW; 4DHU; 4DHT; 4FR3; 3P1S; 3MHR; 4JC3; 4DAT; 4FL5; 1YWT; 3P1O; 4DHR; 3SMO; 3SMM; 4QLI; 4DHM; 3P1Q; 3SMN; 4JDD; 3P1R; 4DHQ; 3T0L; 4Y3B; 3T0M; 3SPR; 3IQJ; 3LW1; 3P1P; 3O8I; 4DHP
P31947,49,1ywt_A; 1yz5_B; 1yz5_A; 1ywt_B; 4DAU; 3SML; 3U9X; 4Y32; 3IQU; 3IQV; 3P1N; 3UX0; 1YZ5; 3SMK; 4DHN; 4HRU; 4DHS; 4IEA; 4DHO; 4HQW; 4DHU; 4DHT; 4FR3; 3P1S; 3MHR; 4JC3; 4DAT; 4FL5; 1YWT; 3P1O; 4DHR; 3SMO; 3SMM; 4QLI; 4DHM; 3P1Q; 3SMN; 4JDD; 3P1R; 4DHQ; 3T0L; 4Y3B; 3T0M; 3SPR; 3IQJ; 3LW1; 3P1P; 3O8I; 4DHP
P31947,49,1ywt_A; 1yz5_B; 1yz5_A; 1ywt_B; 4DAU; 3SML; 3U9X; 4Y32; 3IQU; 3IQV; 3P1N; 3UX0; 1YZ5; 3SMK; 4DHN; 4HRU; 4DHS; 4IEA; 4DHO; 4HQW; 4DHU; 4DHT; 4FR3; 3P1S; 3MHR; 4JC3; 4DAT; 4FL5; 1YWT; 3P1O; 4DHR; 3SMO; 3SMM; 4QLI; 4DHM; 3P1Q; 3SMN; 4JDD; 3P1R; 4DHQ; 3T0L; 4Y3B; 3T0M; 3SPR; 3IQJ; 3LW1; 3P1P; 3O8I; 4DHP
P31947,49,1ywt_A; 1yz5_B; 1yz5_A; 1ywt_B; 4DAU; 3SML; 3U9X; 4Y32; 3IQU; 3IQV; 3P1N; 3UX0; 1YZ5; 3SMK; 4DHN; 4HRU; 4DHS; 4IEA; 4DHO; 4HQW; 4DHU; 4DHT; 4FR3; 3P1S; 3MHR; 4JC3; 4DAT; 4FL5; 1YWT; 3P1O; 4DHR; 3SMO; 3SMM; 4QLI; 4DHM; 3P1Q; 3SMN; 4JDD; 3P1R; 4DHQ; 3T0L; 4Y3B; 3T0M; 3SPR; 3IQJ; 3LW1; 3P1P; 3O8I; 4DHP
P31947,49,1ywt_A; 1yz5_B; 1yz5_A; 1ywt_B; 4DAU; 3SML; 3U9X; 4Y32; 3IQU; 3IQV; 3P1N; 3UX0; 1YZ5; 3SMK; 4DHN; 4HRU; 4DHS; 4IEA; 4DHO; 4HQW; 4DHU; 4DHT; 4FR3; 3P1S; 3MHR; 4JC3; 4DAT; 4FL5; 1YWT; 3P1O; 4DHR; 3SMO; 3SMM; 4QLI; 4DHM; 3P1Q; 3SMN; 4JDD; 3P1R; 4DHQ; 3T0L; 4Y3B; 3T0M; 3SPR; 3IQJ; 3LW1; 3P1P; 3O8I; 4DHP
P31947,49,1ywt_A; 1yz5_B; 1yz5_A; 1ywt_B; 4DAU; 3SML; 3U9X; 4Y32; 3IQU; 3IQV; 3P1N; 3UX0; 1YZ5; 3SMK; 4DHN; 4HRU; 4DHS; 4IEA; 4DHO; 4HQW; 4DHU; 4DHT; 4FR3; 3P1S; 3MHR; 4JC3; 4DAT; 4FL5; 1YWT; 3P1O; 4DHR; 3SMO; 3SMM; 4QLI; 4DHM; 3P1Q; 3SMN; 4JDD; 3P1R; 4DHQ; 3T0L; 4Y3B; 3T0M; 3SPR; 3IQJ; 3LW1; 3P1P; 3O8I; 4DHP
